,fitness,code_bit1,code_bit2,code_bit3,code_bit4,code_bit5,code_bit6,code_bit7,code_bit8,code_bit9,code_bit10,code_bit11,code_bit12,code_bit13,code_bit14,code_bit15,code_bit16,code_bit17,code_bit18,code_bit19,code_bit20,code_bit21,operations1,operations2,operations3,operations4,operations5,operations6,operations7,
0,0.9146634340286255,1,1,0,0,1,0,0,0,1,0,0,1,0,0,0,0,1,0,0,0,1,input,maxpool3x3,maxpool3x3,maxpool3x3,conv3x3-bn-relu,conv3x3-bn-relu,output,"{'code': '1-10-010-0010-01000-010001', 'operations': ['input', 'maxpool3x3', 'maxpool3x3', 'maxpool3x3', 'conv3x3-bn-relu', 'conv3x3-bn-relu', 'output']}"
1,0.9236778616905212,0,1,0,1,0,0,0,0,1,1,0,0,0,0,1,0,0,0,0,1,1,input,conv1x1-bn-relu,maxpool3x3,conv3x3-bn-relu,conv1x1-bn-relu,conv3x3-bn-relu,output,"{'code': '0-10-100-0011-00001-000011', 'operations': ['input', 'conv1x1-bn-relu', 'maxpool3x3', 'conv3x3-bn-relu', 'conv1x1-bn-relu', 'conv3x3-bn-relu', 'output']}"
2,0.8346354365348816,0,1,0,1,0,0,1,1,0,0,1,0,1,0,0,1,0,0,0,0,0,input,maxpool3x3,conv3x3-bn-relu,conv1x1-bn-relu,conv3x3-bn-relu,conv1x1-bn-relu,output,"{'code': '0-10-100-1100-10100-100000', 'operations': ['input', 'maxpool3x3', 'conv3x3-bn-relu', 'conv1x1-bn-relu', 'conv3x3-bn-relu', 'conv1x1-bn-relu', 'output']}"
3,0.8358373641967773,0,1,1,1,0,0,1,0,0,0,0,0,1,1,0,1,0,0,0,0,0,input,maxpool3x3,conv1x1-bn-relu,maxpool3x3,conv3x3-bn-relu,conv1x1-bn-relu,output,"{'code': '0-11-100-1000-00110-100000', 'operations': ['input', 'maxpool3x3', 'conv1x1-bn-relu', 'maxpool3x3', 'conv3x3-bn-relu', 'conv1x1-bn-relu', 'output']}"
4,0.9360977411270142,0,1,0,0,0,1,1,1,0,0,1,0,0,0,0,0,0,1,0,0,0,input,conv3x3-bn-relu,conv3x3-bn-relu,maxpool3x3,maxpool3x3,maxpool3x3,output,"{'code': '0-10-001-1100-10000-001000', 'operations': ['input', 'conv3x3-bn-relu', 'conv3x3-bn-relu', 'maxpool3x3', 'maxpool3x3', 'maxpool3x3', 'output']}"
5,0.9360977411270142,0,1,0,0,0,1,0,0,1,0,1,1,1,0,0,0,0,1,0,0,0,input,conv3x3-bn-relu,conv3x3-bn-relu,conv3x3-bn-relu,conv3x3-bn-relu,conv3x3-bn-relu,output,"{'code': '0-10-001-0010-11100-001000', 'operations': ['input', 'conv3x3-bn-relu', 'conv3x3-bn-relu', 'conv3x3-bn-relu', 'conv3x3-bn-relu', 'conv3x3-bn-relu', 'output']}"
6,0.9298878312110901,0,1,0,1,0,0,0,0,1,0,0,0,1,0,0,0,0,1,0,1,0,input,conv3x3-bn-relu,conv3x3-bn-relu,conv3x3-bn-relu,conv1x1-bn-relu,maxpool3x3,output,"{'code': '0-10-100-0010-00100-001010', 'operations': ['input', 'conv3x3-bn-relu', 'conv3x3-bn-relu', 'conv3x3-bn-relu', 'conv1x1-bn-relu', 'maxpool3x3', 'output']}"
7,0.8958333134651184,1,0,1,1,0,0,1,0,0,0,0,1,0,0,1,0,0,0,0,1,0,input,maxpool3x3,maxpool3x3,conv1x1-bn-relu,maxpool3x3,conv1x1-bn-relu,output,"{'code': '1-01-100-1000-01001-000010', 'operations': ['input', 'maxpool3x3', 'maxpool3x3', 'conv1x1-bn-relu', 'maxpool3x3', 'conv1x1-bn-relu', 'output']}"
8,0.9390023946762085,0,1,1,1,1,0,0,0,0,1,0,0,1,0,0,0,0,1,0,0,0,input,conv3x3-bn-relu,conv3x3-bn-relu,maxpool3x3,maxpool3x3,conv1x1-bn-relu,output,"{'code': '0-11-110-0001-00100-001000', 'operations': ['input', 'conv3x3-bn-relu', 'conv3x3-bn-relu', 'maxpool3x3', 'maxpool3x3', 'conv1x1-bn-relu', 'output']}"
9,0.8616786599159241,0,1,0,0,0,1,0,0,0,1,1,1,0,0,0,0,1,0,0,1,0,input,conv3x3-bn-relu,maxpool3x3,conv1x1-bn-relu,conv1x1-bn-relu,conv1x1-bn-relu,output,"{'code': '0-10-001-0001-11000-010010', 'operations': ['input', 'conv3x3-bn-relu', 'maxpool3x3', 'conv1x1-bn-relu', 'conv1x1-bn-relu', 'conv1x1-bn-relu', 'output']}"
10,0.8270232081413269,0,1,0,1,0,0,0,0,0,1,1,1,0,0,0,0,1,1,0,0,0,input,conv3x3-bn-relu,conv1x1-bn-relu,conv3x3-bn-relu,conv3x3-bn-relu,maxpool3x3,output,"{'code': '0-10-100-0001-11000-011000', 'operations': ['input', 'conv3x3-bn-relu', 'conv1x1-bn-relu', 'conv3x3-bn-relu', 'conv3x3-bn-relu', 'maxpool3x3', 'output']}"
11,0.8346354365348816,0,1,0,1,0,0,0,1,1,0,0,0,0,0,1,1,1,0,0,0,0,input,conv3x3-bn-relu,conv1x1-bn-relu,conv1x1-bn-relu,maxpool3x3,maxpool3x3,output,"{'code': '0-10-100-0110-00001-110000', 'operations': ['input', 'conv3x3-bn-relu', 'conv1x1-bn-relu', 'conv1x1-bn-relu', 'maxpool3x3', 'maxpool3x3', 'output']}"
12,0.9296875,1,1,0,0,1,0,0,1,0,0,0,0,1,0,0,0,0,0,0,1,0,input,conv3x3-bn-relu,conv1x1-bn-relu,conv1x1-bn-relu,conv1x1-bn-relu,conv3x3-bn-relu,output,"{'code': '1-10-010-0100-00100-000010', 'operations': ['input', 'conv3x3-bn-relu', 'conv1x1-bn-relu', 'conv1x1-bn-relu', 'conv1x1-bn-relu', 'conv3x3-bn-relu', 'output']}"
13,0.9381009340286255,1,0,1,1,0,0,0,1,0,0,0,1,0,0,0,1,0,0,1,0,0,input,conv3x3-bn-relu,conv3x3-bn-relu,conv3x3-bn-relu,conv3x3-bn-relu,maxpool3x3,output,"{'code': '1-01-100-0100-01000-100100', 'operations': ['input', 'conv3x3-bn-relu', 'conv3x3-bn-relu', 'conv3x3-bn-relu', 'conv3x3-bn-relu', 'maxpool3x3', 'output']}"
14,0.8791065812110901,0,1,0,1,1,1,1,0,0,0,0,0,0,0,1,0,0,0,0,0,1,input,maxpool3x3,conv3x3-bn-relu,maxpool3x3,maxpool3x3,maxpool3x3,output,"{'code': '0-10-111-1000-00001-000001', 'operations': ['input', 'maxpool3x3', 'conv3x3-bn-relu', 'maxpool3x3', 'maxpool3x3', 'maxpool3x3', 'output']}"
15,0.9279847741127014,0,1,0,1,0,1,0,0,1,0,0,0,0,1,0,0,0,0,0,1,0,input,maxpool3x3,conv1x1-bn-relu,conv3x3-bn-relu,conv3x3-bn-relu,maxpool3x3,output,"{'code': '0-10-101-0010-00010-000010', 'operations': ['input', 'maxpool3x3', 'conv1x1-bn-relu', 'conv3x3-bn-relu', 'conv3x3-bn-relu', 'maxpool3x3', 'output']}"
16,0.9204727411270142,1,0,1,0,1,1,1,0,0,0,0,1,0,0,0,0,0,0,1,0,0,input,conv1x1-bn-relu,maxpool3x3,conv3x3-bn-relu,conv3x3-bn-relu,conv1x1-bn-relu,output,"{'code': '1-01-011-1000-01000-000100', 'operations': ['input', 'conv1x1-bn-relu', 'maxpool3x3', 'conv3x3-bn-relu', 'conv3x3-bn-relu', 'conv1x1-bn-relu', 'output']}"
17,0.9309895634651184,0,1,0,1,0,0,1,0,0,1,0,0,0,1,0,0,0,0,0,0,1,input,maxpool3x3,conv1x1-bn-relu,conv1x1-bn-relu,conv3x3-bn-relu,conv3x3-bn-relu,output,"{'code': '0-10-100-1001-00010-000001', 'operations': ['input', 'maxpool3x3', 'conv1x1-bn-relu', 'conv1x1-bn-relu', 'conv3x3-bn-relu', 'conv3x3-bn-relu', 'output']}"
18,0.9329928159713745,0,1,0,1,1,0,0,0,1,0,0,0,1,0,0,0,0,1,0,1,0,input,conv3x3-bn-relu,conv3x3-bn-relu,conv1x1-bn-relu,conv3x3-bn-relu,conv1x1-bn-relu,output,"{'code': '0-10-110-0010-00100-001010', 'operations': ['input', 'conv3x3-bn-relu', 'conv3x3-bn-relu', 'conv1x1-bn-relu', 'conv3x3-bn-relu', 'conv1x1-bn-relu', 'output']}"
19,0.8193109035491943,0,1,1,1,0,1,0,0,1,0,0,0,1,0,0,0,0,0,1,0,0,input,conv3x3-bn-relu,conv1x1-bn-relu,conv1x1-bn-relu,maxpool3x3,conv3x3-bn-relu,output,"{'code': '0-11-101-0010-00100-000100', 'operations': ['input', 'conv3x3-bn-relu', 'conv1x1-bn-relu', 'conv1x1-bn-relu', 'maxpool3x3', 'conv3x3-bn-relu', 'output']}"
20,0.8344351053237915,0,1,1,1,0,0,0,0,1,0,1,0,0,0,0,1,0,0,0,0,1,input,conv1x1-bn-relu,maxpool3x3,maxpool3x3,maxpool3x3,conv1x1-bn-relu,output,"{'code': '0-11-100-0010-10000-100001', 'operations': ['input', 'conv1x1-bn-relu', 'maxpool3x3', 'maxpool3x3', 'maxpool3x3', 'conv1x1-bn-relu', 'output']}"
21,0.9082531929016113,0,1,0,1,1,0,0,0,1,1,0,0,1,0,0,0,0,0,0,1,0,input,maxpool3x3,conv3x3-bn-relu,conv1x1-bn-relu,maxpool3x3,conv1x1-bn-relu,output,"{'code': '0-10-110-0011-00100-000010', 'operations': ['input', 'maxpool3x3', 'conv3x3-bn-relu', 'conv1x1-bn-relu', 'maxpool3x3', 'conv1x1-bn-relu', 'output']}"
22,0.90234375,0,1,0,0,1,1,0,1,1,0,0,0,0,0,1,0,0,0,0,0,1,input,conv1x1-bn-relu,conv3x3-bn-relu,maxpool3x3,conv3x3-bn-relu,maxpool3x3,output,"{'code': '0-10-011-0110-00001-000001', 'operations': ['input', 'conv1x1-bn-relu', 'conv3x3-bn-relu', 'maxpool3x3', 'conv3x3-bn-relu', 'maxpool3x3', 'output']}"
23,0.8784054517745972,0,1,0,0,0,1,0,0,0,1,0,1,0,1,1,0,0,0,0,0,1,input,maxpool3x3,conv1x1-bn-relu,conv3x3-bn-relu,conv3x3-bn-relu,maxpool3x3,output,"{'code': '0-10-001-0001-01011-000001', 'operations': ['input', 'maxpool3x3', 'conv1x1-bn-relu', 'conv3x3-bn-relu', 'conv3x3-bn-relu', 'maxpool3x3', 'output']}"
24,0.9280849099159241,1,0,1,0,1,1,1,0,0,0,0,0,1,0,0,0,0,0,1,0,0,input,conv3x3-bn-relu,conv3x3-bn-relu,conv1x1-bn-relu,maxpool3x3,conv3x3-bn-relu,output,"{'code': '1-01-011-1000-00100-000100', 'operations': ['input', 'conv3x3-bn-relu', 'conv3x3-bn-relu', 'conv1x1-bn-relu', 'maxpool3x3', 'conv3x3-bn-relu', 'output']}"
25,0.8316305875778198,0,1,0,1,1,0,0,0,0,1,0,0,1,0,0,1,0,0,0,0,0,input,conv3x3-bn-relu,conv3x3-bn-relu,conv3x3-bn-relu,maxpool3x3,conv3x3-bn-relu,output,"{'code': '0-10-110-0001-00100-100000', 'operations': ['input', 'conv3x3-bn-relu', 'conv3x3-bn-relu', 'conv3x3-bn-relu', 'maxpool3x3', 'conv3x3-bn-relu', 'output']}"
26,0.9073517918586731,0,1,0,0,0,1,1,1,0,1,0,0,0,0,1,0,0,0,0,0,1,input,maxpool3x3,maxpool3x3,maxpool3x3,conv3x3-bn-relu,conv1x1-bn-relu,output,"{'code': '0-10-001-1101-00001-000001', 'operations': ['input', 'maxpool3x3', 'maxpool3x3', 'maxpool3x3', 'conv3x3-bn-relu', 'conv1x1-bn-relu', 'output']}"
27,0.8939303159713745,1,1,0,1,0,0,0,0,0,1,0,0,1,0,0,0,0,0,1,0,0,input,maxpool3x3,conv1x1-bn-relu,maxpool3x3,conv3x3-bn-relu,conv3x3-bn-relu,output,"{'code': '1-10-100-0001-00100-000100', 'operations': ['input', 'maxpool3x3', 'conv1x1-bn-relu', 'maxpool3x3', 'conv3x3-bn-relu', 'conv3x3-bn-relu', 'output']}"
28,0.9239783883094788,0,1,0,1,0,0,1,0,0,1,0,0,1,0,0,0,1,0,0,0,1,input,maxpool3x3,maxpool3x3,conv3x3-bn-relu,conv3x3-bn-relu,conv3x3-bn-relu,output,"{'code': '0-10-100-1001-00100-010001', 'operations': ['input', 'maxpool3x3', 'maxpool3x3', 'conv3x3-bn-relu', 'conv3x3-bn-relu', 'conv3x3-bn-relu', 'output']}"
29,0.9327924847602844,1,1,0,0,1,0,0,0,1,0,1,0,0,0,0,0,0,0,1,1,0,input,conv1x1-bn-relu,conv3x3-bn-relu,conv1x1-bn-relu,conv3x3-bn-relu,conv1x1-bn-relu,output,"{'code': '1-10-010-0010-10000-000110', 'operations': ['input', 'conv1x1-bn-relu', 'conv3x3-bn-relu', 'conv1x1-bn-relu', 'conv3x3-bn-relu', 'conv1x1-bn-relu', 'output']}"
30,0.9318910241127014,1,0,1,0,0,1,1,0,0,0,1,0,0,0,0,0,1,0,1,0,0,input,conv1x1-bn-relu,conv3x3-bn-relu,conv3x3-bn-relu,conv3x3-bn-relu,maxpool3x3,output,"{'code': '1-01-001-1000-10000-010100', 'operations': ['input', 'conv1x1-bn-relu', 'conv3x3-bn-relu', 'conv3x3-bn-relu', 'conv3x3-bn-relu', 'maxpool3x3', 'output']}"
31,0.885817289352417,1,0,1,1,0,0,0,1,0,0,0,0,1,1,0,0,0,0,1,0,0,input,conv3x3-bn-relu,maxpool3x3,maxpool3x3,conv1x1-bn-relu,conv1x1-bn-relu,output,"{'code': '1-01-100-0100-00110-000100', 'operations': ['input', 'conv3x3-bn-relu', 'maxpool3x3', 'maxpool3x3', 'conv1x1-bn-relu', 'conv1x1-bn-relu', 'output']}"
32,0.9390023946762085,0,1,0,1,0,0,1,0,0,0,0,0,0,0,1,0,1,1,0,0,0,input,conv3x3-bn-relu,conv3x3-bn-relu,maxpool3x3,conv1x1-bn-relu,conv1x1-bn-relu,output,"{'code': '0-10-100-1000-00001-011000', 'operations': ['input', 'conv3x3-bn-relu', 'conv3x3-bn-relu', 'maxpool3x3', 'conv1x1-bn-relu', 'conv1x1-bn-relu', 'output']}"
33,0.7769430875778198,1,0,1,0,1,0,0,1,0,1,0,0,1,0,0,0,0,1,0,0,0,input,conv1x1-bn-relu,conv1x1-bn-relu,maxpool3x3,maxpool3x3,conv1x1-bn-relu,output,"{'code': '1-01-010-0101-00100-001000', 'operations': ['input', 'conv1x1-bn-relu', 'conv1x1-bn-relu', 'maxpool3x3', 'maxpool3x3', 'conv1x1-bn-relu', 'output']}"
34,0.9381009340286255,0,1,0,0,0,1,1,0,1,0,0,0,0,1,0,1,0,1,0,0,0,input,conv3x3-bn-relu,conv3x3-bn-relu,conv1x1-bn-relu,conv3x3-bn-relu,conv1x1-bn-relu,output,"{'code': '0-10-001-1010-00010-101000', 'operations': ['input', 'conv3x3-bn-relu', 'conv3x3-bn-relu', 'conv1x1-bn-relu', 'conv3x3-bn-relu', 'conv1x1-bn-relu', 'output']}"
35,0.8939303159713745,0,1,0,0,0,1,1,0,0,1,0,0,0,0,1,0,0,1,0,0,0,input,maxpool3x3,maxpool3x3,conv1x1-bn-relu,conv1x1-bn-relu,conv3x3-bn-relu,output,"{'code': '0-10-001-1001-00001-001000', 'operations': ['input', 'maxpool3x3', 'maxpool3x3', 'conv1x1-bn-relu', 'conv1x1-bn-relu', 'conv3x3-bn-relu', 'output']}"
36,0.9241786599159241,1,1,0,0,0,1,0,1,0,1,1,0,0,0,0,0,0,0,0,1,0,input,conv3x3-bn-relu,conv3x3-bn-relu,maxpool3x3,conv3x3-bn-relu,maxpool3x3,output,"{'code': '1-10-001-0101-10000-000010', 'operations': ['input', 'conv3x3-bn-relu', 'conv3x3-bn-relu', 'maxpool3x3', 'conv3x3-bn-relu', 'maxpool3x3', 'output']}"
37,0.9225761294364929,0,1,0,0,0,1,0,0,1,0,0,0,0,0,1,0,0,1,0,1,1,input,conv3x3-bn-relu,conv3x3-bn-relu,maxpool3x3,conv1x1-bn-relu,conv1x1-bn-relu,output,"{'code': '0-10-001-0010-00001-001011', 'operations': ['input', 'conv3x3-bn-relu', 'conv3x3-bn-relu', 'maxpool3x3', 'conv1x1-bn-relu', 'conv1x1-bn-relu', 'output']}"
38,0.8240184187889099,0,1,0,1,0,0,1,1,0,0,1,0,0,0,1,0,0,0,0,1,0,input,maxpool3x3,maxpool3x3,maxpool3x3,conv1x1-bn-relu,maxpool3x3,output,"{'code': '0-10-100-1100-10001-000010', 'operations': ['input', 'maxpool3x3', 'maxpool3x3', 'maxpool3x3', 'conv1x1-bn-relu', 'maxpool3x3', 'output']}"
39,0.9176682829856873,0,1,0,0,0,1,0,0,0,1,0,0,0,0,1,0,1,1,0,0,1,input,conv1x1-bn-relu,conv1x1-bn-relu,conv3x3-bn-relu,conv1x1-bn-relu,conv1x1-bn-relu,output,"{'code': '0-10-001-0001-00001-011001', 'operations': ['input', 'conv1x1-bn-relu', 'conv1x1-bn-relu', 'conv3x3-bn-relu', 'conv1x1-bn-relu', 'conv1x1-bn-relu', 'output']}"
40,0.8925280570983887,0,1,0,1,0,0,0,0,0,1,0,0,1,0,0,1,1,0,1,0,0,input,maxpool3x3,conv3x3-bn-relu,maxpool3x3,conv3x3-bn-relu,conv3x3-bn-relu,output,"{'code': '0-10-100-0001-00100-110100', 'operations': ['input', 'maxpool3x3', 'conv3x3-bn-relu', 'maxpool3x3', 'conv3x3-bn-relu', 'conv3x3-bn-relu', 'output']}"
41,0.8930288553237915,1,1,0,1,0,0,1,0,0,0,0,1,0,0,0,0,1,0,0,1,0,input,conv1x1-bn-relu,maxpool3x3,conv1x1-bn-relu,maxpool3x3,maxpool3x3,output,"{'code': '1-10-100-1000-01000-010010', 'operations': ['input', 'conv1x1-bn-relu', 'maxpool3x3', 'conv1x1-bn-relu', 'maxpool3x3', 'maxpool3x3', 'output']}"
42,0.9279847741127014,1,1,0,1,0,0,0,0,1,0,0,0,1,1,0,0,0,0,0,1,0,input,maxpool3x3,conv1x1-bn-relu,conv3x3-bn-relu,conv3x3-bn-relu,conv3x3-bn-relu,output,"{'code': '1-10-100-0010-00110-000010', 'operations': ['input', 'maxpool3x3', 'conv1x1-bn-relu', 'conv3x3-bn-relu', 'conv3x3-bn-relu', 'conv3x3-bn-relu', 'output']}"
43,0.9346955418586731,0,1,0,1,0,0,1,0,0,0,0,1,0,1,0,1,0,0,0,0,1,input,maxpool3x3,conv3x3-bn-relu,conv1x1-bn-relu,conv3x3-bn-relu,conv3x3-bn-relu,output,"{'code': '0-10-100-1000-01010-100001', 'operations': ['input', 'maxpool3x3', 'conv3x3-bn-relu', 'conv1x1-bn-relu', 'conv3x3-bn-relu', 'conv3x3-bn-relu', 'output']}"
44,0.9383012652397156,0,1,0,1,0,1,0,0,1,0,1,0,0,0,0,0,0,1,1,0,0,input,conv3x3-bn-relu,conv1x1-bn-relu,conv3x3-bn-relu,conv3x3-bn-relu,conv3x3-bn-relu,output,"{'code': '0-10-101-0010-10000-001100', 'operations': ['input', 'conv3x3-bn-relu', 'conv1x1-bn-relu', 'conv3x3-bn-relu', 'conv3x3-bn-relu', 'conv3x3-bn-relu', 'output']}"
45,0.8828125,1,0,1,0,1,0,1,0,0,0,0,0,0,1,1,0,0,1,0,0,0,input,maxpool3x3,conv1x1-bn-relu,conv3x3-bn-relu,maxpool3x3,conv1x1-bn-relu,output,"{'code': '1-01-010-1000-00011-001000', 'operations': ['input', 'maxpool3x3', 'conv1x1-bn-relu', 'conv3x3-bn-relu', 'maxpool3x3', 'conv1x1-bn-relu', 'output']}"
46,0.8791065812110901,1,0,1,1,0,0,0,0,0,1,0,0,1,0,0,0,0,1,0,0,0,input,maxpool3x3,maxpool3x3,conv3x3-bn-relu,conv3x3-bn-relu,conv1x1-bn-relu,output,"{'code': '1-01-100-0001-00100-001000', 'operations': ['input', 'maxpool3x3', 'maxpool3x3', 'conv3x3-bn-relu', 'conv3x3-bn-relu', 'conv1x1-bn-relu', 'output']}"
47,0.8316305875778198,0,1,0,1,0,1,1,1,0,0,0,0,0,1,0,1,0,0,0,0,0,input,maxpool3x3,maxpool3x3,maxpool3x3,conv3x3-bn-relu,conv1x1-bn-relu,output,"{'code': '0-10-101-1100-00010-100000', 'operations': ['input', 'maxpool3x3', 'maxpool3x3', 'maxpool3x3', 'conv3x3-bn-relu', 'conv1x1-bn-relu', 'output']}"
48,0.885817289352417,0,1,1,1,0,1,0,0,0,1,0,0,0,0,1,0,0,1,0,0,0,input,maxpool3x3,maxpool3x3,conv3x3-bn-relu,conv1x1-bn-relu,conv3x3-bn-relu,output,"{'code': '0-11-101-0001-00001-001000', 'operations': ['input', 'maxpool3x3', 'maxpool3x3', 'conv3x3-bn-relu', 'conv1x1-bn-relu', 'conv3x3-bn-relu', 'output']}"
49,0.8841145634651184,0,1,0,1,0,0,1,0,0,1,0,1,1,0,0,0,0,0,0,1,0,input,conv3x3-bn-relu,conv3x3-bn-relu,conv1x1-bn-relu,maxpool3x3,conv1x1-bn-relu,output,"{'code': '0-10-100-1001-01100-000010', 'operations': ['input', 'conv3x3-bn-relu', 'conv3x3-bn-relu', 'conv1x1-bn-relu', 'maxpool3x3', 'conv1x1-bn-relu', 'output']}"
50,0.9420071840286255,1,1,0,0,1,0,0,1,0,0,1,0,0,0,0,1,0,0,1,0,0,input,conv3x3-bn-relu,conv1x1-bn-relu,conv1x1-bn-relu,conv3x3-bn-relu,conv1x1-bn-relu,output,"{'code': '1-10-010-0100-10000-100100', 'operations': ['input', 'conv3x3-bn-relu', 'conv1x1-bn-relu', 'conv1x1-bn-relu', 'conv3x3-bn-relu', 'conv1x1-bn-relu', 'output']}"
51,0.8847155570983887,1,0,1,0,1,0,0,1,0,0,0,0,0,1,0,0,0,1,0,0,0,input,maxpool3x3,maxpool3x3,maxpool3x3,conv1x1-bn-relu,conv1x1-bn-relu,output,"{'code': '1-01-010-0100-00010-001000', 'operations': ['input', 'maxpool3x3', 'maxpool3x3', 'maxpool3x3', 'conv1x1-bn-relu', 'conv1x1-bn-relu', 'output']}"
52,0.9312900900840759,0,1,0,1,0,0,0,0,0,1,0,0,1,0,0,0,0,0,0,1,1,input,conv1x1-bn-relu,conv1x1-bn-relu,conv1x1-bn-relu,conv3x3-bn-relu,conv1x1-bn-relu,output,"{'code': '0-10-100-0001-00100-000011', 'operations': ['input', 'conv1x1-bn-relu', 'conv1x1-bn-relu', 'conv1x1-bn-relu', 'conv3x3-bn-relu', 'conv1x1-bn-relu', 'output']}"
53,0.8358373641967773,0,1,0,1,0,0,0,1,1,0,1,0,1,0,0,1,0,0,0,0,0,input,conv3x3-bn-relu,conv3x3-bn-relu,conv3x3-bn-relu,conv1x1-bn-relu,conv3x3-bn-relu,output,"{'code': '0-10-100-0110-10100-100000', 'operations': ['input', 'conv3x3-bn-relu', 'conv3x3-bn-relu', 'conv3x3-bn-relu', 'conv1x1-bn-relu', 'conv3x3-bn-relu', 'output']}"
54,0.8346354365348816,1,1,0,1,0,0,0,0,1,1,1,0,0,0,0,1,0,0,0,0,0,input,conv1x1-bn-relu,maxpool3x3,conv3x3-bn-relu,conv1x1-bn-relu,conv3x3-bn-relu,output,"{'code': '1-10-100-0011-10000-100000', 'operations': ['input', 'conv1x1-bn-relu', 'maxpool3x3', 'conv3x3-bn-relu', 'conv1x1-bn-relu', 'conv3x3-bn-relu', 'output']}"
55,0.8926281929016113,1,0,1,0,0,1,0,1,0,0,0,1,0,0,0,1,0,0,0,1,0,input,conv1x1-bn-relu,conv3x3-bn-relu,conv3x3-bn-relu,maxpool3x3,conv1x1-bn-relu,output,"{'code': '1-01-001-0100-01000-100010', 'operations': ['input', 'conv1x1-bn-relu', 'conv3x3-bn-relu', 'conv3x3-bn-relu', 'maxpool3x3', 'conv1x1-bn-relu', 'output']}"
56,0.9162660241127014,1,0,1,1,1,0,0,1,0,0,0,0,1,0,0,0,0,1,0,0,0,input,conv3x3-bn-relu,maxpool3x3,maxpool3x3,maxpool3x3,maxpool3x3,output,"{'code': '1-01-110-0100-00100-001000', 'operations': ['input', 'conv3x3-bn-relu', 'maxpool3x3', 'maxpool3x3', 'maxpool3x3', 'maxpool3x3', 'output']}"
57,0.9347956776618958,0,1,0,1,0,0,0,1,0,1,0,0,0,1,0,0,1,1,0,0,0,input,conv1x1-bn-relu,conv3x3-bn-relu,maxpool3x3,maxpool3x3,conv1x1-bn-relu,output,"{'code': '0-10-100-0101-00010-011000', 'operations': ['input', 'conv1x1-bn-relu', 'conv3x3-bn-relu', 'maxpool3x3', 'maxpool3x3', 'conv1x1-bn-relu', 'output']}"
58,0.9114583134651184,1,0,1,0,0,1,0,1,0,0,1,0,0,0,0,0,1,0,1,0,0,input,maxpool3x3,conv3x3-bn-relu,maxpool3x3,maxpool3x3,conv1x1-bn-relu,output,"{'code': '1-01-001-0100-10000-010100', 'operations': ['input', 'maxpool3x3', 'conv3x3-bn-relu', 'maxpool3x3', 'maxpool3x3', 'conv1x1-bn-relu', 'output']}"
59,0.9233773946762085,1,0,1,1,0,0,0,1,0,0,0,0,0,1,0,0,1,1,0,0,0,input,conv3x3-bn-relu,maxpool3x3,maxpool3x3,conv1x1-bn-relu,conv1x1-bn-relu,output,"{'code': '1-01-100-0100-00010-011000', 'operations': ['input', 'conv3x3-bn-relu', 'maxpool3x3', 'maxpool3x3', 'conv1x1-bn-relu', 'conv1x1-bn-relu', 'output']}"
60,0.7769430875778198,0,1,0,1,0,1,0,0,1,0,0,0,1,0,1,0,0,0,0,1,0,input,maxpool3x3,conv1x1-bn-relu,conv1x1-bn-relu,conv1x1-bn-relu,maxpool3x3,output,"{'code': '0-10-101-0010-00101-000010', 'operations': ['input', 'maxpool3x3', 'conv1x1-bn-relu', 'conv1x1-bn-relu', 'conv1x1-bn-relu', 'maxpool3x3', 'output']}"
61,0.9233773946762085,0,1,0,0,0,1,1,0,1,0,0,0,1,0,0,0,0,1,0,0,1,input,maxpool3x3,conv3x3-bn-relu,conv1x1-bn-relu,conv1x1-bn-relu,maxpool3x3,output,"{'code': '0-10-001-1010-00100-001001', 'operations': ['input', 'maxpool3x3', 'conv3x3-bn-relu', 'conv1x1-bn-relu', 'conv1x1-bn-relu', 'maxpool3x3', 'output']}"
62,0.8358373641967773,0,1,0,1,0,0,1,0,0,0,1,0,1,0,0,1,0,0,0,0,0,input,conv3x3-bn-relu,maxpool3x3,conv3x3-bn-relu,conv1x1-bn-relu,maxpool3x3,output,"{'code': '0-10-100-1000-10100-100000', 'operations': ['input', 'conv3x3-bn-relu', 'maxpool3x3', 'conv3x3-bn-relu', 'conv1x1-bn-relu', 'maxpool3x3', 'output']}"
63,0.8270232081413269,0,1,0,0,0,1,0,0,0,1,1,0,1,0,0,0,1,1,0,0,0,input,conv3x3-bn-relu,conv1x1-bn-relu,conv3x3-bn-relu,conv1x1-bn-relu,conv3x3-bn-relu,output,"{'code': '0-10-001-0001-10100-011000', 'operations': ['input', 'conv3x3-bn-relu', 'conv1x1-bn-relu', 'conv3x3-bn-relu', 'conv1x1-bn-relu', 'conv3x3-bn-relu', 'output']}"
64,0.8518629670143127,1,0,1,0,0,1,1,0,0,1,0,0,0,0,1,0,0,0,0,0,1,input,maxpool3x3,maxpool3x3,conv1x1-bn-relu,conv1x1-bn-relu,conv1x1-bn-relu,output,"{'code': '1-01-001-1001-00001-000001', 'operations': ['input', 'maxpool3x3', 'maxpool3x3', 'conv1x1-bn-relu', 'conv1x1-bn-relu', 'conv1x1-bn-relu', 'output']}"
65,0.7720352411270142,0,1,1,0,0,1,1,0,0,0,0,0,0,1,0,0,0,0,1,0,0,input,conv3x3-bn-relu,conv1x1-bn-relu,conv1x1-bn-relu,maxpool3x3,conv3x3-bn-relu,output,"{'code': '0-11-001-1000-00010-000100', 'operations': ['input', 'conv3x3-bn-relu', 'conv1x1-bn-relu', 'conv1x1-bn-relu', 'maxpool3x3', 'conv3x3-bn-relu', 'output']}"
66,0.885817289352417,0,1,0,1,0,1,0,0,1,0,1,0,0,0,0,0,1,1,0,0,0,input,conv1x1-bn-relu,maxpool3x3,conv3x3-bn-relu,maxpool3x3,conv3x3-bn-relu,output,"{'code': '0-10-101-0010-10000-011000', 'operations': ['input', 'conv1x1-bn-relu', 'maxpool3x3', 'conv3x3-bn-relu', 'maxpool3x3', 'conv3x3-bn-relu', 'output']}"
67,0.8270232081413269,0,1,0,1,0,0,1,0,0,1,0,0,0,0,1,0,1,0,1,0,0,input,maxpool3x3,conv1x1-bn-relu,conv1x1-bn-relu,maxpool3x3,maxpool3x3,output,"{'code': '0-10-100-1001-00001-010100', 'operations': ['input', 'maxpool3x3', 'conv1x1-bn-relu', 'conv1x1-bn-relu', 'maxpool3x3', 'maxpool3x3', 'output']}"
68,0.9361979365348816,0,1,0,1,0,0,0,0,1,0,1,0,0,1,0,0,0,0,1,0,1,input,conv3x3-bn-relu,maxpool3x3,conv1x1-bn-relu,maxpool3x3,conv3x3-bn-relu,output,"{'code': '0-10-100-0010-10010-000101', 'operations': ['input', 'conv3x3-bn-relu', 'maxpool3x3', 'conv1x1-bn-relu', 'maxpool3x3', 'conv3x3-bn-relu', 'output']}"
69,0.8358373641967773,0,1,0,0,0,1,1,0,0,0,0,0,1,0,0,1,1,0,0,0,0,input,conv1x1-bn-relu,conv3x3-bn-relu,conv1x1-bn-relu,maxpool3x3,conv3x3-bn-relu,output,"{'code': '0-10-001-1000-00100-110000', 'operations': ['input', 'conv1x1-bn-relu', 'conv3x3-bn-relu', 'conv1x1-bn-relu', 'maxpool3x3', 'conv3x3-bn-relu', 'output']}"
70,0.9379006624221802,1,0,1,0,0,1,0,1,0,0,0,0,0,0,1,1,0,0,0,1,0,input,conv3x3-bn-relu,conv1x1-bn-relu,maxpool3x3,conv3x3-bn-relu,conv3x3-bn-relu,output,"{'code': '1-01-001-0100-00001-100010', 'operations': ['input', 'conv3x3-bn-relu', 'conv1x1-bn-relu', 'maxpool3x3', 'conv3x3-bn-relu', 'conv3x3-bn-relu', 'output']}"
71,0.9410055875778198,0,1,1,1,0,0,0,0,1,0,0,0,0,1,0,1,0,0,1,0,0,input,maxpool3x3,conv1x1-bn-relu,conv3x3-bn-relu,maxpool3x3,conv1x1-bn-relu,output,"{'code': '0-11-100-0010-00010-100100', 'operations': ['input', 'maxpool3x3', 'conv1x1-bn-relu', 'conv3x3-bn-relu', 'maxpool3x3', 'conv1x1-bn-relu', 'output']}"
72,0.9162660241127014,0,1,0,1,0,0,0,0,1,0,0,1,1,0,0,0,1,0,0,0,1,input,maxpool3x3,conv3x3-bn-relu,maxpool3x3,maxpool3x3,maxpool3x3,output,"{'code': '0-10-100-0010-01100-010001', 'operations': ['input', 'maxpool3x3', 'conv3x3-bn-relu', 'maxpool3x3', 'maxpool3x3', 'maxpool3x3', 'output']}"
73,0.9372996687889099,0,1,0,0,0,1,1,0,0,0,1,0,0,1,0,0,0,0,1,1,0,input,conv1x1-bn-relu,conv3x3-bn-relu,conv1x1-bn-relu,conv1x1-bn-relu,conv1x1-bn-relu,output,"{'code': '0-10-001-1000-10010-000110', 'operations': ['input', 'conv1x1-bn-relu', 'conv3x3-bn-relu', 'conv1x1-bn-relu', 'conv1x1-bn-relu', 'conv1x1-bn-relu', 'output']}"
74,0.9264823794364929,0,1,0,1,0,0,1,0,1,0,0,0,1,0,0,0,0,0,0,0,1,input,conv3x3-bn-relu,conv3x3-bn-relu,maxpool3x3,conv1x1-bn-relu,conv3x3-bn-relu,output,"{'code': '0-10-100-1010-00100-000001', 'operations': ['input', 'conv3x3-bn-relu', 'conv3x3-bn-relu', 'maxpool3x3', 'conv1x1-bn-relu', 'conv3x3-bn-relu', 'output']}"
75,0.8346354365348816,1,0,1,0,0,1,1,0,1,0,0,0,0,0,1,1,0,0,0,0,0,input,conv1x1-bn-relu,maxpool3x3,conv1x1-bn-relu,maxpool3x3,maxpool3x3,output,"{'code': '1-01-001-1010-00001-100000', 'operations': ['input', 'conv1x1-bn-relu', 'maxpool3x3', 'conv1x1-bn-relu', 'maxpool3x3', 'maxpool3x3', 'output']}"
76,0.8853164911270142,0,1,0,1,0,1,1,0,0,0,0,0,0,0,1,0,0,0,0,1,1,input,conv3x3-bn-relu,conv1x1-bn-relu,maxpool3x3,maxpool3x3,conv1x1-bn-relu,output,"{'code': '0-10-101-1000-00001-000011', 'operations': ['input', 'conv3x3-bn-relu', 'conv1x1-bn-relu', 'maxpool3x3', 'maxpool3x3', 'conv1x1-bn-relu', 'output']}"
77,0.9410055875778198,0,1,0,1,0,0,0,1,0,1,0,0,0,1,0,1,0,1,0,0,0,input,conv1x1-bn-relu,conv3x3-bn-relu,conv1x1-bn-relu,maxpool3x3,conv3x3-bn-relu,output,"{'code': '0-10-100-0101-00010-101000', 'operations': ['input', 'conv1x1-bn-relu', 'conv3x3-bn-relu', 'conv1x1-bn-relu', 'maxpool3x3', 'conv3x3-bn-relu', 'output']}"
78,0.8980368375778198,1,1,0,0,0,1,1,0,0,0,0,0,0,0,1,0,1,0,0,1,0,input,maxpool3x3,maxpool3x3,conv1x1-bn-relu,conv1x1-bn-relu,maxpool3x3,output,"{'code': '1-10-001-1000-00001-010010', 'operations': ['input', 'maxpool3x3', 'maxpool3x3', 'conv1x1-bn-relu', 'conv1x1-bn-relu', 'maxpool3x3', 'output']}"
79,0.9347956776618958,1,1,0,1,0,0,0,0,0,1,0,1,0,0,1,0,0,1,0,0,0,input,conv3x3-bn-relu,conv3x3-bn-relu,maxpool3x3,conv1x1-bn-relu,conv1x1-bn-relu,output,"{'code': '1-10-100-0001-01001-001000', 'operations': ['input', 'conv3x3-bn-relu', 'conv3x3-bn-relu', 'maxpool3x3', 'conv1x1-bn-relu', 'conv1x1-bn-relu', 'output']}"
80,0.9381009340286255,0,1,0,1,0,0,0,0,0,1,0,0,0,0,1,1,0,0,1,0,0,input,conv1x1-bn-relu,conv1x1-bn-relu,conv3x3-bn-relu,maxpool3x3,conv1x1-bn-relu,output,"{'code': '0-10-100-0001-00001-100100', 'operations': ['input', 'conv1x1-bn-relu', 'conv1x1-bn-relu', 'conv3x3-bn-relu', 'maxpool3x3', 'conv1x1-bn-relu', 'output']}"
81,0.8316305875778198,0,1,0,1,1,0,0,0,1,1,0,0,1,0,0,1,0,0,0,0,0,input,maxpool3x3,conv1x1-bn-relu,maxpool3x3,maxpool3x3,conv1x1-bn-relu,output,"{'code': '0-10-110-0011-00100-100000', 'operations': ['input', 'maxpool3x3', 'conv1x1-bn-relu', 'maxpool3x3', 'maxpool3x3', 'conv1x1-bn-relu', 'output']}"
82,0.8316305875778198,1,0,1,0,0,1,1,0,0,0,0,1,0,0,0,1,0,0,0,0,0,input,maxpool3x3,conv3x3-bn-relu,maxpool3x3,conv3x3-bn-relu,conv3x3-bn-relu,output,"{'code': '1-01-001-1000-01000-100000', 'operations': ['input', 'maxpool3x3', 'conv3x3-bn-relu', 'maxpool3x3', 'conv3x3-bn-relu', 'conv3x3-bn-relu', 'output']}"
83,0.8358373641967773,1,1,0,1,0,1,0,0,0,1,0,1,0,0,0,1,0,0,0,0,0,input,conv1x1-bn-relu,conv3x3-bn-relu,conv1x1-bn-relu,conv3x3-bn-relu,conv3x3-bn-relu,output,"{'code': '1-10-101-0001-01000-100000', 'operations': ['input', 'conv1x1-bn-relu', 'conv3x3-bn-relu', 'conv1x1-bn-relu', 'conv3x3-bn-relu', 'conv3x3-bn-relu', 'output']}"
84,0.8346354365348816,1,1,0,1,0,0,0,0,0,1,1,0,1,0,0,1,0,0,0,0,0,input,conv3x3-bn-relu,conv3x3-bn-relu,conv1x1-bn-relu,conv3x3-bn-relu,conv1x1-bn-relu,output,"{'code': '1-10-100-0001-10100-100000', 'operations': ['input', 'conv3x3-bn-relu', 'conv3x3-bn-relu', 'conv1x1-bn-relu', 'conv3x3-bn-relu', 'conv1x1-bn-relu', 'output']}"
85,0.8827123641967773,1,0,1,1,0,0,1,0,0,0,0,0,1,0,0,1,0,0,0,1,0,input,conv3x3-bn-relu,conv3x3-bn-relu,conv3x3-bn-relu,maxpool3x3,maxpool3x3,output,"{'code': '1-01-100-1000-00100-100010', 'operations': ['input', 'conv3x3-bn-relu', 'conv3x3-bn-relu', 'conv3x3-bn-relu', 'maxpool3x3', 'maxpool3x3', 'output']}"
86,0.8240184187889099,1,1,0,1,0,0,0,0,0,1,1,1,0,0,0,0,0,0,1,0,0,input,conv1x1-bn-relu,maxpool3x3,conv1x1-bn-relu,maxpool3x3,conv3x3-bn-relu,output,"{'code': '1-10-100-0001-11000-000100', 'operations': ['input', 'conv1x1-bn-relu', 'maxpool3x3', 'conv1x1-bn-relu', 'maxpool3x3', 'conv3x3-bn-relu', 'output']}"
87,0.8358373641967773,0,1,0,0,0,1,1,0,0,0,1,1,0,1,0,1,0,0,0,0,0,input,conv3x3-bn-relu,maxpool3x3,conv1x1-bn-relu,conv3x3-bn-relu,maxpool3x3,output,"{'code': '0-10-001-1000-11010-100000', 'operations': ['input', 'conv3x3-bn-relu', 'maxpool3x3', 'conv1x1-bn-relu', 'conv3x3-bn-relu', 'maxpool3x3', 'output']}"
88,0.9052484035491943,1,1,1,1,0,0,0,0,1,0,0,0,0,1,0,0,0,1,0,0,0,input,maxpool3x3,conv1x1-bn-relu,conv3x3-bn-relu,conv1x1-bn-relu,conv1x1-bn-relu,output,"{'code': '1-11-100-0010-00010-001000', 'operations': ['input', 'maxpool3x3', 'conv1x1-bn-relu', 'conv3x3-bn-relu', 'conv1x1-bn-relu', 'conv1x1-bn-relu', 'output']}"
89,0.9367988705635071,1,1,0,1,0,0,0,0,1,0,1,0,0,0,0,0,0,1,0,0,1,input,conv3x3-bn-relu,conv3x3-bn-relu,conv3x3-bn-relu,maxpool3x3,conv1x1-bn-relu,output,"{'code': '1-10-100-0010-10000-001001', 'operations': ['input', 'conv3x3-bn-relu', 'conv3x3-bn-relu', 'conv3x3-bn-relu', 'maxpool3x3', 'conv1x1-bn-relu', 'output']}"
90,0.9366987347602844,0,1,0,1,0,0,0,0,0,1,0,0,1,0,0,0,0,1,1,0,0,input,conv1x1-bn-relu,conv3x3-bn-relu,conv1x1-bn-relu,conv3x3-bn-relu,conv1x1-bn-relu,output,"{'code': '0-10-100-0001-00100-001100', 'operations': ['input', 'conv1x1-bn-relu', 'conv3x3-bn-relu', 'conv1x1-bn-relu', 'conv3x3-bn-relu', 'conv1x1-bn-relu', 'output']}"
91,0.9390023946762085,0,1,0,0,0,1,0,1,1,0,0,0,1,0,0,0,0,1,0,0,0,input,conv3x3-bn-relu,conv3x3-bn-relu,conv1x1-bn-relu,maxpool3x3,conv3x3-bn-relu,output,"{'code': '0-10-001-0110-00100-001000', 'operations': ['input', 'conv3x3-bn-relu', 'conv3x3-bn-relu', 'conv1x1-bn-relu', 'maxpool3x3', 'conv3x3-bn-relu', 'output']}"
92,0.9279847741127014,1,0,1,1,0,0,1,0,1,0,0,0,0,1,0,0,0,0,0,0,1,input,conv3x3-bn-relu,conv1x1-bn-relu,conv3x3-bn-relu,conv3x3-bn-relu,conv3x3-bn-relu,output,"{'code': '1-01-100-1010-00010-000001', 'operations': ['input', 'conv3x3-bn-relu', 'conv1x1-bn-relu', 'conv3x3-bn-relu', 'conv3x3-bn-relu', 'conv3x3-bn-relu', 'output']}"
93,0.8883213400840759,0,1,0,0,1,1,0,0,0,1,0,0,0,0,1,0,1,0,0,0,1,input,conv1x1-bn-relu,conv3x3-bn-relu,maxpool3x3,maxpool3x3,conv1x1-bn-relu,output,"{'code': '0-10-011-0001-00001-010001', 'operations': ['input', 'conv1x1-bn-relu', 'conv3x3-bn-relu', 'maxpool3x3', 'maxpool3x3', 'conv1x1-bn-relu', 'output']}"
94,0.8890224099159241,0,1,0,1,1,0,1,0,0,0,1,0,0,0,0,0,0,1,0,1,0,input,conv1x1-bn-relu,maxpool3x3,conv1x1-bn-relu,conv1x1-bn-relu,maxpool3x3,output,"{'code': '0-10-110-1000-10000-001010', 'operations': ['input', 'conv1x1-bn-relu', 'maxpool3x3', 'conv1x1-bn-relu', 'conv1x1-bn-relu', 'maxpool3x3', 'output']}"
95,0.8240184187889099,0,1,1,1,0,0,1,0,0,0,0,0,1,1,0,0,0,1,0,0,0,input,conv1x1-bn-relu,conv1x1-bn-relu,conv3x3-bn-relu,conv3x3-bn-relu,conv3x3-bn-relu,output,"{'code': '0-11-100-1000-00110-001000', 'operations': ['input', 'conv1x1-bn-relu', 'conv1x1-bn-relu', 'conv3x3-bn-relu', 'conv3x3-bn-relu', 'conv3x3-bn-relu', 'output']}"
96,0.9251803159713745,1,1,0,0,1,0,0,0,1,0,1,0,0,0,0,0,0,1,1,0,0,input,conv3x3-bn-relu,conv3x3-bn-relu,maxpool3x3,conv1x1-bn-relu,maxpool3x3,output,"{'code': '1-10-010-0010-10000-001100', 'operations': ['input', 'conv3x3-bn-relu', 'conv3x3-bn-relu', 'maxpool3x3', 'conv1x1-bn-relu', 'maxpool3x3', 'output']}"
97,0.8977363705635071,0,1,0,0,0,1,0,0,1,0,0,1,0,0,1,0,0,0,0,1,1,input,conv1x1-bn-relu,maxpool3x3,conv3x3-bn-relu,conv3x3-bn-relu,maxpool3x3,output,"{'code': '0-10-001-0010-01001-000011', 'operations': ['input', 'conv1x1-bn-relu', 'maxpool3x3', 'conv3x3-bn-relu', 'conv3x3-bn-relu', 'maxpool3x3', 'output']}"
98,0.9282852411270142,0,1,0,1,0,0,1,1,1,0,0,0,1,0,0,0,0,0,0,0,1,input,conv3x3-bn-relu,conv3x3-bn-relu,conv1x1-bn-relu,conv1x1-bn-relu,conv1x1-bn-relu,output,"{'code': '0-10-100-1110-00100-000001', 'operations': ['input', 'conv3x3-bn-relu', 'conv3x3-bn-relu', 'conv1x1-bn-relu', 'conv1x1-bn-relu', 'conv1x1-bn-relu', 'output']}"
99,0.9057492017745972,1,0,1,0,1,0,0,0,0,1,0,0,0,1,0,0,0,1,0,1,0,input,maxpool3x3,maxpool3x3,conv3x3-bn-relu,conv3x3-bn-relu,conv1x1-bn-relu,output,"{'code': '1-01-010-0001-00010-001010', 'operations': ['input', 'maxpool3x3', 'maxpool3x3', 'conv3x3-bn-relu', 'conv3x3-bn-relu', 'conv1x1-bn-relu', 'output']}"
100,0.9420071840286255,1,1,0,0,1,0,0,1,0,0,1,0,0,0,0,1,0,0,1,0,0,input,conv3x3-bn-relu,conv1x1-bn-relu,conv1x1-bn-relu,conv3x3-bn-relu,conv1x1-bn-relu,output,"{'code': '1-10-010-0100-10000-100100', 'operations': ['input', 'conv3x3-bn-relu', 'conv1x1-bn-relu', 'conv1x1-bn-relu', 'conv3x3-bn-relu', 'conv1x1-bn-relu', 'output']}"
101,0.9410055875778198,0,1,1,1,0,0,0,0,1,0,0,0,0,1,0,1,0,0,1,0,0,input,maxpool3x3,conv1x1-bn-relu,conv3x3-bn-relu,maxpool3x3,conv1x1-bn-relu,output,"{'code': '0-11-100-0010-00010-100100', 'operations': ['input', 'maxpool3x3', 'conv1x1-bn-relu', 'conv3x3-bn-relu', 'maxpool3x3', 'conv1x1-bn-relu', 'output']}"
102,0.9360977411270142,0,1,0,0,0,1,0,0,1,0,0,0,1,0,0,0,0,1,0,0,0,input,conv1x1-bn-relu,conv3x3-bn-relu,conv3x3-bn-relu,conv3x3-bn-relu,maxpool3x3,output,"{'code': '0-10-001-0010-00100-001000', 'operations': ['input', 'conv1x1-bn-relu', 'conv3x3-bn-relu', 'conv3x3-bn-relu', 'conv3x3-bn-relu', 'maxpool3x3', 'output']}"
103,0.8334335088729858,1,0,1,1,0,0,0,1,0,0,0,1,0,0,0,1,0,0,1,0,0,input,conv3x3-bn-relu,conv3x3-bn-relu,conv1x1-bn-relu,maxpool3x3,conv3x3-bn-relu,output,"{'code': '1-01-100-0100-01000-100100', 'operations': ['input', 'conv3x3-bn-relu', 'conv3x3-bn-relu', 'conv1x1-bn-relu', 'maxpool3x3', 'conv3x3-bn-relu', 'output']}"
104,0.8847155570983887,1,0,1,0,0,1,1,0,0,0,0,0,1,0,0,0,0,1,0,0,0,input,maxpool3x3,maxpool3x3,conv1x1-bn-relu,conv1x1-bn-relu,conv1x1-bn-relu,output,"{'code': '1-01-001-1000-00100-001000', 'operations': ['input', 'maxpool3x3', 'maxpool3x3', 'conv1x1-bn-relu', 'conv1x1-bn-relu', 'conv1x1-bn-relu', 'output']}"
105,0.9093549847602844,0,1,1,1,1,0,0,0,0,1,0,0,0,0,1,0,0,0,0,0,1,input,conv3x3-bn-relu,conv3x3-bn-relu,conv3x3-bn-relu,maxpool3x3,conv1x1-bn-relu,output,"{'code': '0-11-110-0001-00001-000001', 'operations': ['input', 'conv3x3-bn-relu', 'conv3x3-bn-relu', 'conv3x3-bn-relu', 'maxpool3x3', 'conv1x1-bn-relu', 'output']}"
106,0.8930288553237915,1,1,0,1,0,0,0,1,0,0,0,0,0,1,0,0,1,1,0,0,0,input,conv1x1-bn-relu,maxpool3x3,maxpool3x3,conv1x1-bn-relu,conv1x1-bn-relu,output,"{'code': '1-10-100-0100-00010-011000', 'operations': ['input', 'conv1x1-bn-relu', 'maxpool3x3', 'maxpool3x3', 'conv1x1-bn-relu', 'conv1x1-bn-relu', 'output']}"
107,0.9173678159713745,1,0,1,0,1,0,0,0,1,0,1,0,0,0,0,0,0,0,1,1,0,input,conv3x3-bn-relu,conv3x3-bn-relu,conv1x1-bn-relu,conv3x3-bn-relu,conv1x1-bn-relu,output,"{'code': '1-01-010-0010-10000-000110', 'operations': ['input', 'conv3x3-bn-relu', 'conv3x3-bn-relu', 'conv1x1-bn-relu', 'conv3x3-bn-relu', 'conv1x1-bn-relu', 'output']}"
108,0.9333934187889099,1,1,0,0,1,0,0,0,1,0,1,0,0,0,0,0,0,0,1,0,1,input,conv1x1-bn-relu,conv3x3-bn-relu,conv1x1-bn-relu,maxpool3x3,conv3x3-bn-relu,output,"{'code': '1-10-010-0010-10000-000101', 'operations': ['input', 'conv1x1-bn-relu', 'conv3x3-bn-relu', 'conv1x1-bn-relu', 'maxpool3x3', 'conv3x3-bn-relu', 'output']}"
109,0.9297876358032227,0,1,0,1,0,0,0,0,1,0,1,0,0,1,0,0,0,0,1,1,0,input,conv3x3-bn-relu,maxpool3x3,conv1x1-bn-relu,conv3x3-bn-relu,conv1x1-bn-relu,output,"{'code': '0-10-100-0010-10010-000110', 'operations': ['input', 'conv3x3-bn-relu', 'maxpool3x3', 'conv1x1-bn-relu', 'conv3x3-bn-relu', 'conv1x1-bn-relu', 'output']}"
110,0.938401460647583,0,1,0,0,0,1,1,0,0,0,0,0,0,0,1,1,0,0,0,1,0,input,conv3x3-bn-relu,conv1x1-bn-relu,maxpool3x3,conv3x3-bn-relu,conv3x3-bn-relu,output,"{'code': '0-10-001-1000-00001-100010', 'operations': ['input', 'conv3x3-bn-relu', 'conv1x1-bn-relu', 'maxpool3x3', 'conv3x3-bn-relu', 'conv3x3-bn-relu', 'output']}"
111,0.930588960647583,1,0,1,0,0,1,0,1,0,0,1,0,0,0,0,0,0,1,0,0,0,input,conv3x3-bn-relu,conv3x3-bn-relu,conv1x1-bn-relu,maxpool3x3,conv3x3-bn-relu,output,"{'code': '1-01-001-0100-10000-001000', 'operations': ['input', 'conv3x3-bn-relu', 'conv3x3-bn-relu', 'conv1x1-bn-relu', 'maxpool3x3', 'conv3x3-bn-relu', 'output']}"
112,0.8240184187889099,1,0,1,0,0,1,1,0,0,0,1,0,0,0,0,0,1,0,0,0,0,input,conv1x1-bn-relu,conv3x3-bn-relu,conv3x3-bn-relu,conv3x3-bn-relu,maxpool3x3,output,"{'code': '1-01-001-1000-10000-010000', 'operations': ['input', 'conv1x1-bn-relu', 'conv3x3-bn-relu', 'conv3x3-bn-relu', 'conv3x3-bn-relu', 'maxpool3x3', 'output']}"
113,0.8270232081413269,1,1,0,1,1,0,1,0,0,0,0,1,0,0,0,0,1,0,0,0,0,input,conv1x1-bn-relu,maxpool3x3,conv1x1-bn-relu,maxpool3x3,maxpool3x3,output,"{'code': '1-10-110-1000-01000-010000', 'operations': ['input', 'conv1x1-bn-relu', 'maxpool3x3', 'conv1x1-bn-relu', 'maxpool3x3', 'maxpool3x3', 'output']}"
114,0.9410055875778198,0,1,0,0,0,1,1,0,1,0,0,0,0,1,0,1,0,1,0,0,0,input,conv3x3-bn-relu,conv3x3-bn-relu,conv1x1-bn-relu,maxpool3x3,conv3x3-bn-relu,output,"{'code': '0-10-001-1010-00010-101000', 'operations': ['input', 'conv3x3-bn-relu', 'conv3x3-bn-relu', 'conv1x1-bn-relu', 'maxpool3x3', 'conv3x3-bn-relu', 'output']}"
115,0.9194711446762085,1,0,1,0,1,1,1,0,0,0,0,0,1,0,0,0,0,0,1,0,0,input,conv3x3-bn-relu,conv3x3-bn-relu,conv1x1-bn-relu,conv1x1-bn-relu,conv1x1-bn-relu,output,"{'code': '1-01-011-1000-00100-000100', 'operations': ['input', 'conv3x3-bn-relu', 'conv3x3-bn-relu', 'conv1x1-bn-relu', 'conv1x1-bn-relu', 'conv1x1-bn-relu', 'output']}"
116,0.8892227411270142,1,0,1,0,1,0,1,0,0,1,0,0,1,0,0,0,0,1,0,0,0,input,maxpool3x3,conv1x1-bn-relu,conv1x1-bn-relu,maxpool3x3,conv3x3-bn-relu,output,"{'code': '1-01-010-1001-00100-001000', 'operations': ['input', 'maxpool3x3', 'conv1x1-bn-relu', 'conv1x1-bn-relu', 'maxpool3x3', 'conv3x3-bn-relu', 'output']}"
117,0.9194711446762085,0,1,0,0,0,1,0,1,1,0,0,0,0,1,0,0,0,1,0,1,0,input,conv3x3-bn-relu,maxpool3x3,conv3x3-bn-relu,conv3x3-bn-relu,conv1x1-bn-relu,output,"{'code': '0-10-001-0110-00010-001010', 'operations': ['input', 'conv3x3-bn-relu', 'maxpool3x3', 'conv3x3-bn-relu', 'conv3x3-bn-relu', 'conv1x1-bn-relu', 'output']}"
118,0.909254789352417,0,1,0,1,0,0,0,0,1,0,0,1,0,0,1,0,0,0,0,1,1,input,maxpool3x3,conv3x3-bn-relu,maxpool3x3,conv3x3-bn-relu,maxpool3x3,output,"{'code': '0-10-100-0010-01001-000011', 'operations': ['input', 'maxpool3x3', 'conv3x3-bn-relu', 'maxpool3x3', 'conv3x3-bn-relu', 'maxpool3x3', 'output']}"
119,0.932692289352417,0,1,0,0,0,1,0,0,0,1,0,0,1,0,0,1,1,0,1,0,0,input,conv1x1-bn-relu,maxpool3x3,conv3x3-bn-relu,conv3x3-bn-relu,conv3x3-bn-relu,output,"{'code': '0-10-001-0001-00100-110100', 'operations': ['input', 'conv1x1-bn-relu', 'maxpool3x3', 'conv3x3-bn-relu', 'conv3x3-bn-relu', 'conv3x3-bn-relu', 'output']}"
120,0.9381009340286255,0,1,0,1,0,0,1,0,0,0,0,1,0,1,0,1,0,0,0,1,0,input,maxpool3x3,conv3x3-bn-relu,conv1x1-bn-relu,conv3x3-bn-relu,conv3x3-bn-relu,output,"{'code': '0-10-100-1000-01010-100010', 'operations': ['input', 'maxpool3x3', 'conv3x3-bn-relu', 'conv1x1-bn-relu', 'conv3x3-bn-relu', 'conv3x3-bn-relu', 'output']}"
121,0.9433093070983887,1,0,1,0,0,1,0,1,0,0,0,0,0,0,1,1,0,0,0,0,1,input,conv3x3-bn-relu,conv1x1-bn-relu,maxpool3x3,conv3x3-bn-relu,conv3x3-bn-relu,output,"{'code': '1-01-001-0100-00001-100001', 'operations': ['input', 'conv3x3-bn-relu', 'conv1x1-bn-relu', 'maxpool3x3', 'conv3x3-bn-relu', 'conv3x3-bn-relu', 'output']}"
122,0.8316305875778198,0,1,0,0,0,1,0,0,1,0,0,1,1,0,0,1,1,0,0,0,0,input,conv3x3-bn-relu,conv3x3-bn-relu,maxpool3x3,maxpool3x3,conv3x3-bn-relu,output,"{'code': '0-10-001-0010-01100-110000', 'operations': ['input', 'conv3x3-bn-relu', 'conv3x3-bn-relu', 'maxpool3x3', 'maxpool3x3', 'conv3x3-bn-relu', 'output']}"
123,0.9390023946762085,0,1,0,1,1,0,0,0,0,1,0,0,1,0,0,0,0,1,0,0,0,input,conv1x1-bn-relu,conv3x3-bn-relu,conv1x1-bn-relu,maxpool3x3,conv1x1-bn-relu,output,"{'code': '0-10-110-0001-00100-001000', 'operations': ['input', 'conv1x1-bn-relu', 'conv3x3-bn-relu', 'conv1x1-bn-relu', 'maxpool3x3', 'conv1x1-bn-relu', 'output']}"
124,0.9311898946762085,0,1,0,0,0,1,1,0,0,1,0,0,0,0,1,0,0,0,1,1,0,input,maxpool3x3,maxpool3x3,conv1x1-bn-relu,conv3x3-bn-relu,conv1x1-bn-relu,output,"{'code': '0-10-001-1001-00001-000110', 'operations': ['input', 'maxpool3x3', 'maxpool3x3', 'conv1x1-bn-relu', 'conv3x3-bn-relu', 'conv1x1-bn-relu', 'output']}"
125,0.9390023946762085,1,1,0,0,1,0,0,0,1,0,1,0,0,0,0,0,0,1,0,0,0,input,conv1x1-bn-relu,conv3x3-bn-relu,conv1x1-bn-relu,conv1x1-bn-relu,conv3x3-bn-relu,output,"{'code': '1-10-010-0010-10000-001000', 'operations': ['input', 'conv1x1-bn-relu', 'conv3x3-bn-relu', 'conv1x1-bn-relu', 'conv1x1-bn-relu', 'conv3x3-bn-relu', 'output']}"
126,0.8224158883094788,0,1,1,1,0,0,0,1,0,1,0,0,0,1,0,0,0,1,0,0,0,input,conv3x3-bn-relu,conv1x1-bn-relu,conv3x3-bn-relu,maxpool3x3,conv3x3-bn-relu,output,"{'code': '0-11-100-0101-00010-001000', 'operations': ['input', 'conv3x3-bn-relu', 'conv1x1-bn-relu', 'conv3x3-bn-relu', 'maxpool3x3', 'conv3x3-bn-relu', 'output']}"
127,0.8405448794364929,0,1,0,1,0,0,0,0,1,1,0,0,0,0,1,1,0,0,1,0,0,input,conv1x1-bn-relu,conv3x3-bn-relu,conv1x1-bn-relu,maxpool3x3,conv1x1-bn-relu,output,"{'code': '0-10-100-0011-00001-100100', 'operations': ['input', 'conv1x1-bn-relu', 'conv3x3-bn-relu', 'conv1x1-bn-relu', 'maxpool3x3', 'conv1x1-bn-relu', 'output']}"
128,0.938401460647583,0,1,0,1,0,0,0,0,0,1,0,0,0,0,1,1,0,0,1,0,0,input,conv1x1-bn-relu,conv3x3-bn-relu,conv3x3-bn-relu,maxpool3x3,conv1x1-bn-relu,output,"{'code': '0-10-100-0001-00001-100100', 'operations': ['input', 'conv1x1-bn-relu', 'conv3x3-bn-relu', 'conv3x3-bn-relu', 'maxpool3x3', 'conv1x1-bn-relu', 'output']}"
129,0.8925280570983887,0,1,0,1,0,0,0,1,0,1,0,0,0,1,0,1,0,1,0,0,0,input,conv1x1-bn-relu,maxpool3x3,conv1x1-bn-relu,maxpool3x3,conv3x3-bn-relu,output,"{'code': '0-10-100-0101-00010-101000', 'operations': ['input', 'conv1x1-bn-relu', 'maxpool3x3', 'conv1x1-bn-relu', 'maxpool3x3', 'conv3x3-bn-relu', 'output']}"
130,0.8270232081413269,0,1,1,0,0,1,0,1,1,0,0,0,1,0,0,0,0,1,0,0,0,input,conv3x3-bn-relu,conv1x1-bn-relu,conv1x1-bn-relu,conv3x3-bn-relu,conv1x1-bn-relu,output,"{'code': '0-11-001-0110-00100-001000', 'operations': ['input', 'conv3x3-bn-relu', 'conv1x1-bn-relu', 'conv1x1-bn-relu', 'conv3x3-bn-relu', 'conv1x1-bn-relu', 'output']}"
131,0.9347956776618958,0,1,0,0,0,1,1,0,1,0,0,0,0,1,0,0,0,1,0,0,0,input,conv3x3-bn-relu,conv3x3-bn-relu,conv1x1-bn-relu,conv1x1-bn-relu,conv3x3-bn-relu,output,"{'code': '0-10-001-1010-00010-001000', 'operations': ['input', 'conv3x3-bn-relu', 'conv3x3-bn-relu', 'conv1x1-bn-relu', 'conv1x1-bn-relu', 'conv3x3-bn-relu', 'output']}"
132,0.9410055875778198,0,1,0,1,0,0,0,0,0,1,0,0,0,1,1,1,0,0,1,0,0,input,conv1x1-bn-relu,conv1x1-bn-relu,conv3x3-bn-relu,conv1x1-bn-relu,conv1x1-bn-relu,output,"{'code': '0-10-100-0001-00011-100100', 'operations': ['input', 'conv1x1-bn-relu', 'conv1x1-bn-relu', 'conv3x3-bn-relu', 'conv1x1-bn-relu', 'conv1x1-bn-relu', 'output']}"
133,0.9347956776618958,1,1,0,1,0,0,0,0,0,1,0,1,0,0,1,0,0,1,0,0,0,input,conv3x3-bn-relu,conv3x3-bn-relu,maxpool3x3,maxpool3x3,conv1x1-bn-relu,output,"{'code': '1-10-100-0001-01001-001000', 'operations': ['input', 'conv3x3-bn-relu', 'conv3x3-bn-relu', 'maxpool3x3', 'maxpool3x3', 'conv1x1-bn-relu', 'output']}"
134,0.9360977411270142,0,1,0,0,0,1,0,0,1,0,1,1,1,0,0,0,0,1,0,0,0,input,conv3x3-bn-relu,conv3x3-bn-relu,conv3x3-bn-relu,conv3x3-bn-relu,conv3x3-bn-relu,output,"{'code': '0-10-001-0010-11100-001000', 'operations': ['input', 'conv3x3-bn-relu', 'conv3x3-bn-relu', 'conv3x3-bn-relu', 'conv3x3-bn-relu', 'conv3x3-bn-relu', 'output']}"
135,0.9347956776618958,0,1,0,0,0,1,0,1,1,0,0,0,1,0,0,0,0,1,0,0,0,input,maxpool3x3,conv3x3-bn-relu,conv1x1-bn-relu,conv1x1-bn-relu,conv3x3-bn-relu,output,"{'code': '0-10-001-0110-00100-001000', 'operations': ['input', 'maxpool3x3', 'conv3x3-bn-relu', 'conv1x1-bn-relu', 'conv1x1-bn-relu', 'conv3x3-bn-relu', 'output']}"
136,0.8270232081413269,0,1,0,1,0,0,0,0,0,1,0,0,0,1,0,0,1,1,0,0,0,input,conv3x3-bn-relu,conv1x1-bn-relu,conv1x1-bn-relu,conv1x1-bn-relu,conv1x1-bn-relu,output,"{'code': '0-10-100-0001-00010-011000', 'operations': ['input', 'conv3x3-bn-relu', 'conv1x1-bn-relu', 'conv1x1-bn-relu', 'conv1x1-bn-relu', 'conv1x1-bn-relu', 'output']}"
137,0.9390023946762085,0,1,0,1,0,0,1,0,1,0,0,0,0,0,1,0,1,1,0,0,0,input,conv1x1-bn-relu,conv3x3-bn-relu,maxpool3x3,conv1x1-bn-relu,conv1x1-bn-relu,output,"{'code': '0-10-100-1010-00001-011000', 'operations': ['input', 'conv1x1-bn-relu', 'conv3x3-bn-relu', 'maxpool3x3', 'conv1x1-bn-relu', 'conv1x1-bn-relu', 'output']}"
138,0.9322916865348816,1,0,1,0,0,1,0,1,0,0,0,1,0,0,0,1,0,0,0,1,0,input,conv3x3-bn-relu,conv3x3-bn-relu,conv3x3-bn-relu,maxpool3x3,conv1x1-bn-relu,output,"{'code': '1-01-001-0100-01000-100010', 'operations': ['input', 'conv3x3-bn-relu', 'conv3x3-bn-relu', 'conv3x3-bn-relu', 'maxpool3x3', 'conv1x1-bn-relu', 'output']}"
139,0.9360977411270142,1,1,0,1,0,0,0,0,0,1,0,1,0,0,1,0,0,1,0,0,0,input,conv1x1-bn-relu,conv3x3-bn-relu,maxpool3x3,conv1x1-bn-relu,conv1x1-bn-relu,output,"{'code': '1-10-100-0001-01001-001000', 'operations': ['input', 'conv1x1-bn-relu', 'conv3x3-bn-relu', 'maxpool3x3', 'conv1x1-bn-relu', 'conv1x1-bn-relu', 'output']}"
140,0.9390023946762085,0,1,0,0,0,1,0,0,1,0,1,1,1,0,0,0,0,1,0,0,0,input,conv3x3-bn-relu,conv3x3-bn-relu,conv3x3-bn-relu,conv3x3-bn-relu,conv1x1-bn-relu,output,"{'code': '0-10-001-0010-11100-001000', 'operations': ['input', 'conv3x3-bn-relu', 'conv3x3-bn-relu', 'conv3x3-bn-relu', 'conv3x3-bn-relu', 'conv1x1-bn-relu', 'output']}"
141,0.9292868375778198,0,1,0,1,1,0,0,0,1,0,0,0,1,0,0,0,0,1,0,1,0,input,conv3x3-bn-relu,conv3x3-bn-relu,conv1x1-bn-relu,conv3x3-bn-relu,conv1x1-bn-relu,output,"{'code': '0-10-110-0010-00100-001010', 'operations': ['input', 'conv3x3-bn-relu', 'conv3x3-bn-relu', 'conv1x1-bn-relu', 'conv3x3-bn-relu', 'conv1x1-bn-relu', 'output']}"
142,0.9300881624221802,0,1,0,1,0,0,1,0,0,0,0,0,0,0,1,0,0,0,0,1,1,input,maxpool3x3,conv1x1-bn-relu,conv1x1-bn-relu,conv3x3-bn-relu,conv1x1-bn-relu,output,"{'code': '0-10-100-1000-00001-000011', 'operations': ['input', 'maxpool3x3', 'conv1x1-bn-relu', 'conv1x1-bn-relu', 'conv3x3-bn-relu', 'conv1x1-bn-relu', 'output']}"
143,0.9211738705635071,0,1,0,1,0,1,1,0,0,1,0,0,0,1,0,0,0,0,0,0,1,input,conv3x3-bn-relu,conv1x1-bn-relu,maxpool3x3,maxpool3x3,conv3x3-bn-relu,output,"{'code': '0-10-101-1001-00010-000001', 'operations': ['input', 'conv3x3-bn-relu', 'conv1x1-bn-relu', 'maxpool3x3', 'maxpool3x3', 'conv3x3-bn-relu', 'output']}"
144,0.9282852411270142,1,0,1,0,0,1,0,1,0,0,0,0,1,0,0,0,0,1,0,0,0,input,conv3x3-bn-relu,conv1x1-bn-relu,conv1x1-bn-relu,conv3x3-bn-relu,conv1x1-bn-relu,output,"{'code': '1-01-001-0100-00100-001000', 'operations': ['input', 'conv3x3-bn-relu', 'conv1x1-bn-relu', 'conv1x1-bn-relu', 'conv3x3-bn-relu', 'conv1x1-bn-relu', 'output']}"
145,0.9390023946762085,0,1,0,1,1,0,0,0,1,0,0,0,0,0,1,1,0,0,0,1,0,input,conv3x3-bn-relu,conv3x3-bn-relu,maxpool3x3,conv3x3-bn-relu,conv3x3-bn-relu,output,"{'code': '0-10-110-0010-00001-100010', 'operations': ['input', 'conv3x3-bn-relu', 'conv3x3-bn-relu', 'maxpool3x3', 'conv3x3-bn-relu', 'conv3x3-bn-relu', 'output']}"
146,0.9238781929016113,0,1,0,0,0,1,1,0,0,0,1,0,0,1,0,0,0,0,1,1,0,input,conv1x1-bn-relu,conv3x3-bn-relu,maxpool3x3,maxpool3x3,conv1x1-bn-relu,output,"{'code': '0-10-001-1000-10010-000110', 'operations': ['input', 'conv1x1-bn-relu', 'conv3x3-bn-relu', 'maxpool3x3', 'maxpool3x3', 'conv1x1-bn-relu', 'output']}"
147,0.9347956776618958,0,1,1,1,0,0,0,1,0,1,0,0,0,1,0,0,0,1,0,0,0,input,conv1x1-bn-relu,conv3x3-bn-relu,conv1x1-bn-relu,maxpool3x3,conv1x1-bn-relu,output,"{'code': '0-11-100-0101-00010-001000', 'operations': ['input', 'conv1x1-bn-relu', 'conv3x3-bn-relu', 'conv1x1-bn-relu', 'maxpool3x3', 'conv1x1-bn-relu', 'output']}"
148,0.9362980723381042,1,0,1,0,1,0,0,0,0,1,0,0,0,1,0,1,0,0,1,0,0,input,maxpool3x3,maxpool3x3,conv3x3-bn-relu,maxpool3x3,conv1x1-bn-relu,output,"{'code': '1-01-010-0001-00010-100100', 'operations': ['input', 'maxpool3x3', 'maxpool3x3', 'conv3x3-bn-relu', 'maxpool3x3', 'conv1x1-bn-relu', 'output']}"
149,0.9271835088729858,0,1,1,1,0,0,0,0,1,0,0,0,0,1,0,0,0,1,0,1,0,input,maxpool3x3,conv1x1-bn-relu,conv3x3-bn-relu,conv3x3-bn-relu,conv1x1-bn-relu,output,"{'code': '0-11-100-0010-00010-001010', 'operations': ['input', 'maxpool3x3', 'conv1x1-bn-relu', 'conv3x3-bn-relu', 'conv3x3-bn-relu', 'conv1x1-bn-relu', 'output']}"
150,0.9437099099159241,0,1,0,1,0,1,0,0,0,1,0,0,1,0,0,1,0,0,1,0,0,input,conv1x1-bn-relu,conv1x1-bn-relu,conv3x3-bn-relu,conv1x1-bn-relu,maxpool3x3,output,"{'code': '0-10-101-0001-00100-100100', 'operations': ['input', 'conv1x1-bn-relu', 'conv1x1-bn-relu', 'conv3x3-bn-relu', 'conv1x1-bn-relu', 'maxpool3x3', 'output']}"
151,0.9271835088729858,1,0,1,1,0,0,0,1,0,0,0,1,0,0,0,0,0,0,0,1,1,input,conv3x3-bn-relu,conv3x3-bn-relu,conv1x1-bn-relu,conv3x3-bn-relu,conv1x1-bn-relu,output,"{'code': '1-01-100-0100-01000-000011', 'operations': ['input', 'conv3x3-bn-relu', 'conv3x3-bn-relu', 'conv1x1-bn-relu', 'conv3x3-bn-relu', 'conv1x1-bn-relu', 'output']}"
152,0.9339944124221802,0,1,0,1,0,0,0,0,0,1,0,0,1,1,0,0,0,0,1,0,1,input,conv1x1-bn-relu,maxpool3x3,conv1x1-bn-relu,maxpool3x3,conv3x3-bn-relu,output,"{'code': '0-10-100-0001-00110-000101', 'operations': ['input', 'conv1x1-bn-relu', 'maxpool3x3', 'conv1x1-bn-relu', 'maxpool3x3', 'conv3x3-bn-relu', 'output']}"
153,0.9376001358032227,0,1,0,1,0,0,0,0,1,0,1,0,0,0,0,0,0,1,1,0,0,input,conv3x3-bn-relu,conv3x3-bn-relu,conv1x1-bn-relu,conv3x3-bn-relu,conv1x1-bn-relu,output,"{'code': '0-10-100-0010-10000-001100', 'operations': ['input', 'conv3x3-bn-relu', 'conv3x3-bn-relu', 'conv1x1-bn-relu', 'conv3x3-bn-relu', 'conv1x1-bn-relu', 'output']}"
154,0.938401460647583,0,1,0,1,0,0,0,1,0,1,0,0,0,1,0,1,0,1,0,0,0,input,conv1x1-bn-relu,conv3x3-bn-relu,maxpool3x3,conv3x3-bn-relu,maxpool3x3,output,"{'code': '0-10-100-0101-00010-101000', 'operations': ['input', 'conv1x1-bn-relu', 'conv3x3-bn-relu', 'maxpool3x3', 'conv3x3-bn-relu', 'maxpool3x3', 'output']}"
155,0.9030448794364929,1,1,0,0,0,1,0,1,0,1,1,0,0,0,0,0,0,0,0,1,0,input,conv3x3-bn-relu,conv3x3-bn-relu,conv1x1-bn-relu,maxpool3x3,conv3x3-bn-relu,output,"{'code': '1-10-001-0101-10000-000010', 'operations': ['input', 'conv3x3-bn-relu', 'conv3x3-bn-relu', 'conv1x1-bn-relu', 'maxpool3x3', 'conv3x3-bn-relu', 'output']}"
156,0.930588960647583,0,1,1,1,0,0,1,0,1,0,0,0,0,1,0,0,0,0,0,0,1,input,maxpool3x3,conv1x1-bn-relu,conv3x3-bn-relu,conv3x3-bn-relu,conv3x3-bn-relu,output,"{'code': '0-11-100-1010-00010-000001', 'operations': ['input', 'maxpool3x3', 'conv1x1-bn-relu', 'conv3x3-bn-relu', 'conv3x3-bn-relu', 'conv3x3-bn-relu', 'output']}"
157,0.938401460647583,1,0,1,1,0,0,0,0,1,0,0,0,0,1,0,1,0,0,1,0,0,input,conv3x3-bn-relu,conv1x1-bn-relu,conv3x3-bn-relu,maxpool3x3,conv1x1-bn-relu,output,"{'code': '1-01-100-0010-00010-100100', 'operations': ['input', 'conv3x3-bn-relu', 'conv1x1-bn-relu', 'conv3x3-bn-relu', 'maxpool3x3', 'conv1x1-bn-relu', 'output']}"
158,0.9201722741127014,0,1,0,0,0,1,1,1,1,0,0,0,0,1,0,0,0,0,0,0,1,input,conv3x3-bn-relu,conv3x3-bn-relu,maxpool3x3,maxpool3x3,conv3x3-bn-relu,output,"{'code': '0-10-001-1110-00010-000001', 'operations': ['input', 'conv3x3-bn-relu', 'conv3x3-bn-relu', 'maxpool3x3', 'maxpool3x3', 'conv3x3-bn-relu', 'output']}"
159,0.9283854365348816,1,0,1,1,0,0,1,0,0,0,1,0,0,0,0,0,0,1,0,0,0,input,conv3x3-bn-relu,conv1x1-bn-relu,conv3x3-bn-relu,conv3x3-bn-relu,maxpool3x3,output,"{'code': '1-01-100-1000-10000-001000', 'operations': ['input', 'conv3x3-bn-relu', 'conv1x1-bn-relu', 'conv3x3-bn-relu', 'conv3x3-bn-relu', 'maxpool3x3', 'output']}"
160,0.9309895634651184,0,1,0,1,0,0,0,0,0,1,0,0,1,0,0,0,0,0,0,1,1,input,conv1x1-bn-relu,conv1x1-bn-relu,conv1x1-bn-relu,conv3x3-bn-relu,conv3x3-bn-relu,output,"{'code': '0-10-100-0001-00100-000011', 'operations': ['input', 'conv1x1-bn-relu', 'conv1x1-bn-relu', 'conv1x1-bn-relu', 'conv3x3-bn-relu', 'conv3x3-bn-relu', 'output']}"
161,0.9052484035491943,1,1,0,0,1,0,0,0,1,0,1,1,0,0,0,0,0,0,0,0,1,input,maxpool3x3,maxpool3x3,maxpool3x3,conv3x3-bn-relu,conv1x1-bn-relu,output,"{'code': '1-10-010-0010-11000-000001', 'operations': ['input', 'maxpool3x3', 'maxpool3x3', 'maxpool3x3', 'conv3x3-bn-relu', 'conv1x1-bn-relu', 'output']}"
162,0.9360977411270142,0,1,0,1,0,1,0,0,1,0,1,0,0,0,0,0,1,1,0,0,0,input,conv1x1-bn-relu,conv3x3-bn-relu,conv3x3-bn-relu,maxpool3x3,conv1x1-bn-relu,output,"{'code': '0-10-101-0010-10000-011000', 'operations': ['input', 'conv1x1-bn-relu', 'conv3x3-bn-relu', 'conv3x3-bn-relu', 'maxpool3x3', 'conv1x1-bn-relu', 'output']}"
163,0.9347956776618958,0,1,1,1,1,0,0,0,0,1,0,0,1,0,0,0,0,1,0,0,0,input,conv3x3-bn-relu,conv3x3-bn-relu,maxpool3x3,maxpool3x3,conv3x3-bn-relu,output,"{'code': '0-11-110-0001-00100-001000', 'operations': ['input', 'conv3x3-bn-relu', 'conv3x3-bn-relu', 'maxpool3x3', 'maxpool3x3', 'conv3x3-bn-relu', 'output']}"
164,0.9234775900840759,0,1,0,1,0,1,0,0,1,0,0,0,1,0,0,0,0,1,0,1,0,input,conv3x3-bn-relu,conv1x1-bn-relu,conv3x3-bn-relu,conv3x3-bn-relu,conv1x1-bn-relu,output,"{'code': '0-10-101-0010-00100-001010', 'operations': ['input', 'conv3x3-bn-relu', 'conv1x1-bn-relu', 'conv3x3-bn-relu', 'conv3x3-bn-relu', 'conv1x1-bn-relu', 'output']}"
165,0.936598539352417,0,1,0,1,1,0,0,0,1,0,1,0,0,0,0,0,0,1,1,0,0,input,maxpool3x3,conv3x3-bn-relu,conv3x3-bn-relu,conv3x3-bn-relu,conv3x3-bn-relu,output,"{'code': '0-10-110-0010-10000-001100', 'operations': ['input', 'maxpool3x3', 'conv3x3-bn-relu', 'conv3x3-bn-relu', 'conv3x3-bn-relu', 'conv3x3-bn-relu', 'output']}"
166,0.8334335088729858,0,1,0,1,0,0,0,1,0,1,0,0,0,1,0,1,0,1,0,0,0,input,conv1x1-bn-relu,conv1x1-bn-relu,conv1x1-bn-relu,conv3x3-bn-relu,conv1x1-bn-relu,output,"{'code': '0-10-100-0101-00010-101000', 'operations': ['input', 'conv1x1-bn-relu', 'conv1x1-bn-relu', 'conv1x1-bn-relu', 'conv3x3-bn-relu', 'conv1x1-bn-relu', 'output']}"
167,0.9420071840286255,1,1,0,0,1,0,0,1,0,0,1,0,0,0,0,1,0,0,1,0,0,input,conv3x3-bn-relu,conv3x3-bn-relu,conv1x1-bn-relu,maxpool3x3,conv3x3-bn-relu,output,"{'code': '1-10-010-0100-10000-100100', 'operations': ['input', 'conv3x3-bn-relu', 'conv3x3-bn-relu', 'conv1x1-bn-relu', 'maxpool3x3', 'conv3x3-bn-relu', 'output']}"
168,0.9420071840286255,0,1,0,0,0,1,0,1,1,0,0,0,1,0,0,1,0,0,1,0,0,input,conv3x3-bn-relu,conv3x3-bn-relu,conv1x1-bn-relu,maxpool3x3,conv1x1-bn-relu,output,"{'code': '0-10-001-0110-00100-100100', 'operations': ['input', 'conv3x3-bn-relu', 'conv3x3-bn-relu', 'conv1x1-bn-relu', 'maxpool3x3', 'conv1x1-bn-relu', 'output']}"
169,0.9364984035491943,0,1,0,1,0,0,0,0,0,1,0,0,0,0,1,0,0,1,0,0,1,input,conv1x1-bn-relu,conv1x1-bn-relu,conv3x3-bn-relu,maxpool3x3,conv3x3-bn-relu,output,"{'code': '0-10-100-0001-00001-001001', 'operations': ['input', 'conv1x1-bn-relu', 'conv1x1-bn-relu', 'conv3x3-bn-relu', 'maxpool3x3', 'conv3x3-bn-relu', 'output']}"
170,0.8958333134651184,0,1,0,1,0,0,1,0,1,0,0,0,1,0,0,0,0,0,1,0,0,input,conv3x3-bn-relu,conv3x3-bn-relu,maxpool3x3,conv1x1-bn-relu,conv1x1-bn-relu,output,"{'code': '0-10-100-1010-00100-000100', 'operations': ['input', 'conv3x3-bn-relu', 'conv3x3-bn-relu', 'maxpool3x3', 'conv1x1-bn-relu', 'conv1x1-bn-relu', 'output']}"
171,0.9336938858032227,0,1,0,1,0,0,0,0,0,1,0,0,1,0,0,0,0,1,0,0,1,input,conv1x1-bn-relu,conv3x3-bn-relu,conv1x1-bn-relu,conv1x1-bn-relu,conv3x3-bn-relu,output,"{'code': '0-10-100-0001-00100-001001', 'operations': ['input', 'conv1x1-bn-relu', 'conv3x3-bn-relu', 'conv1x1-bn-relu', 'conv1x1-bn-relu', 'conv3x3-bn-relu', 'output']}"
172,0.6405248641967773,0,1,0,0,0,1,0,0,0,1,0,1,0,1,1,0,0,0,0,1,0,input,maxpool3x3,conv1x1-bn-relu,conv1x1-bn-relu,conv1x1-bn-relu,conv3x3-bn-relu,output,"{'code': '0-10-001-0001-01011-000010', 'operations': ['input', 'maxpool3x3', 'conv1x1-bn-relu', 'conv1x1-bn-relu', 'conv1x1-bn-relu', 'conv3x3-bn-relu', 'output']}"
173,0.8803085088729858,1,1,0,0,1,0,0,1,0,1,0,0,1,0,0,0,0,0,0,0,1,input,conv3x3-bn-relu,conv1x1-bn-relu,conv3x3-bn-relu,conv3x3-bn-relu,maxpool3x3,output,"{'code': '1-10-010-0101-00100-000001', 'operations': ['input', 'conv3x3-bn-relu', 'conv1x1-bn-relu', 'conv3x3-bn-relu', 'conv3x3-bn-relu', 'maxpool3x3', 'output']}"
174,0.9146634340286255,1,0,1,0,0,1,0,1,0,0,1,0,0,0,0,0,1,1,0,0,0,input,maxpool3x3,conv3x3-bn-relu,maxpool3x3,conv3x3-bn-relu,conv1x1-bn-relu,output,"{'code': '1-01-001-0100-10000-011000', 'operations': ['input', 'maxpool3x3', 'conv3x3-bn-relu', 'maxpool3x3', 'conv3x3-bn-relu', 'conv1x1-bn-relu', 'output']}"
175,0.8958333134651184,0,1,0,1,0,0,0,1,0,1,0,0,0,1,0,0,1,0,1,0,0,input,conv3x3-bn-relu,conv3x3-bn-relu,maxpool3x3,maxpool3x3,conv1x1-bn-relu,output,"{'code': '0-10-100-0101-00010-010100', 'operations': ['input', 'conv3x3-bn-relu', 'conv3x3-bn-relu', 'maxpool3x3', 'maxpool3x3', 'conv1x1-bn-relu', 'output']}"
176,0.938401460647583,0,1,0,1,1,0,0,0,0,1,0,0,0,0,1,1,0,0,1,0,0,input,conv1x1-bn-relu,conv1x1-bn-relu,conv3x3-bn-relu,conv3x3-bn-relu,conv3x3-bn-relu,output,"{'code': '0-10-110-0001-00001-100100', 'operations': ['input', 'conv1x1-bn-relu', 'conv1x1-bn-relu', 'conv3x3-bn-relu', 'conv3x3-bn-relu', 'conv3x3-bn-relu', 'output']}"
177,0.9360977411270142,0,1,0,0,0,1,0,0,1,0,1,1,1,0,0,0,0,1,0,0,0,input,conv3x3-bn-relu,conv3x3-bn-relu,conv3x3-bn-relu,maxpool3x3,conv1x1-bn-relu,output,"{'code': '0-10-001-0010-11100-001000', 'operations': ['input', 'conv3x3-bn-relu', 'conv3x3-bn-relu', 'conv3x3-bn-relu', 'maxpool3x3', 'conv1x1-bn-relu', 'output']}"
178,0.9279847741127014,0,1,0,1,1,0,0,0,0,1,0,0,1,0,0,0,0,0,0,0,1,input,conv1x1-bn-relu,conv3x3-bn-relu,conv1x1-bn-relu,conv1x1-bn-relu,conv3x3-bn-relu,output,"{'code': '0-10-110-0001-00100-000001', 'operations': ['input', 'conv1x1-bn-relu', 'conv3x3-bn-relu', 'conv1x1-bn-relu', 'conv1x1-bn-relu', 'conv3x3-bn-relu', 'output']}"
179,0.938401460647583,0,1,0,1,0,0,1,0,1,0,0,0,0,1,0,1,0,1,0,0,0,input,conv3x3-bn-relu,conv3x3-bn-relu,maxpool3x3,maxpool3x3,conv3x3-bn-relu,output,"{'code': '0-10-100-1010-00010-101000', 'operations': ['input', 'conv3x3-bn-relu', 'conv3x3-bn-relu', 'maxpool3x3', 'maxpool3x3', 'conv3x3-bn-relu', 'output']}"
180,0.8316305875778198,0,1,0,0,0,1,1,0,1,0,0,0,0,1,1,1,0,0,0,0,0,input,conv3x3-bn-relu,maxpool3x3,maxpool3x3,maxpool3x3,maxpool3x3,output,"{'code': '0-10-001-1010-00011-100000', 'operations': ['input', 'conv3x3-bn-relu', 'maxpool3x3', 'maxpool3x3', 'maxpool3x3', 'maxpool3x3', 'output']}"
181,0.9279847741127014,1,0,1,1,1,0,0,1,0,0,0,0,1,0,0,0,0,1,0,0,0,input,conv3x3-bn-relu,conv3x3-bn-relu,conv1x1-bn-relu,conv3x3-bn-relu,conv1x1-bn-relu,output,"{'code': '1-01-110-0100-00100-001000', 'operations': ['input', 'conv3x3-bn-relu', 'conv3x3-bn-relu', 'conv1x1-bn-relu', 'conv3x3-bn-relu', 'conv1x1-bn-relu', 'output']}"
182,0.9247796535491943,0,1,0,1,0,0,0,0,1,0,1,0,0,1,0,0,0,0,1,0,1,input,conv3x3-bn-relu,conv3x3-bn-relu,maxpool3x3,maxpool3x3,conv3x3-bn-relu,output,"{'code': '0-10-100-0010-10010-000101', 'operations': ['input', 'conv3x3-bn-relu', 'conv3x3-bn-relu', 'maxpool3x3', 'maxpool3x3', 'conv3x3-bn-relu', 'output']}"
183,0.885817289352417,0,1,1,1,1,0,0,0,0,1,0,0,1,0,0,0,0,1,0,0,0,input,conv3x3-bn-relu,maxpool3x3,conv1x1-bn-relu,maxpool3x3,conv1x1-bn-relu,output,"{'code': '0-11-110-0001-00100-001000', 'operations': ['input', 'conv3x3-bn-relu', 'maxpool3x3', 'conv1x1-bn-relu', 'maxpool3x3', 'conv1x1-bn-relu', 'output']}"
184,0.9238781929016113,0,1,1,1,1,0,0,0,0,1,0,0,1,0,0,0,0,0,0,1,0,input,conv3x3-bn-relu,conv3x3-bn-relu,maxpool3x3,conv3x3-bn-relu,conv3x3-bn-relu,output,"{'code': '0-11-110-0001-00100-000010', 'operations': ['input', 'conv3x3-bn-relu', 'conv3x3-bn-relu', 'maxpool3x3', 'conv3x3-bn-relu', 'conv3x3-bn-relu', 'output']}"
185,0.8358373641967773,1,0,1,0,0,1,0,1,1,0,0,0,0,0,1,1,0,0,0,0,0,input,conv3x3-bn-relu,conv1x1-bn-relu,maxpool3x3,maxpool3x3,conv3x3-bn-relu,output,"{'code': '1-01-001-0110-00001-100000', 'operations': ['input', 'conv3x3-bn-relu', 'conv1x1-bn-relu', 'maxpool3x3', 'maxpool3x3', 'conv3x3-bn-relu', 'output']}"
186,0.8083934187889099,0,1,0,1,0,1,0,0,1,0,1,0,0,0,0,0,0,0,1,1,0,input,conv3x3-bn-relu,conv1x1-bn-relu,conv1x1-bn-relu,conv1x1-bn-relu,conv1x1-bn-relu,output,"{'code': '0-10-101-0010-10000-000110', 'operations': ['input', 'conv3x3-bn-relu', 'conv1x1-bn-relu', 'conv1x1-bn-relu', 'conv1x1-bn-relu', 'conv1x1-bn-relu', 'output']}"
187,0.9336938858032227,0,1,0,0,0,1,1,0,0,0,1,0,0,1,0,0,0,1,1,0,0,input,conv1x1-bn-relu,conv3x3-bn-relu,conv3x3-bn-relu,conv3x3-bn-relu,conv3x3-bn-relu,output,"{'code': '0-10-001-1000-10010-001100', 'operations': ['input', 'conv1x1-bn-relu', 'conv3x3-bn-relu', 'conv3x3-bn-relu', 'conv3x3-bn-relu', 'conv3x3-bn-relu', 'output']}"
188,0.8240184187889099,1,0,1,0,0,1,1,0,0,1,1,0,0,0,0,0,0,0,0,0,1,input,maxpool3x3,conv3x3-bn-relu,conv3x3-bn-relu,conv3x3-bn-relu,conv1x1-bn-relu,output,"{'code': '1-01-001-1001-10000-000001', 'operations': ['input', 'maxpool3x3', 'conv3x3-bn-relu', 'conv3x3-bn-relu', 'conv3x3-bn-relu', 'conv1x1-bn-relu', 'output']}"
189,0.936598539352417,1,1,0,1,0,0,0,0,1,0,1,0,0,0,0,0,1,0,1,0,0,input,conv3x3-bn-relu,conv3x3-bn-relu,conv3x3-bn-relu,maxpool3x3,maxpool3x3,output,"{'code': '1-10-100-0010-10000-010100', 'operations': ['input', 'conv3x3-bn-relu', 'conv3x3-bn-relu', 'conv3x3-bn-relu', 'maxpool3x3', 'maxpool3x3', 'output']}"
190,0.8240184187889099,0,1,0,1,0,0,0,0,0,1,0,1,0,1,0,0,1,1,0,0,0,input,conv1x1-bn-relu,conv1x1-bn-relu,conv3x3-bn-relu,conv3x3-bn-relu,conv3x3-bn-relu,output,"{'code': '0-10-100-0001-01010-011000', 'operations': ['input', 'conv1x1-bn-relu', 'conv1x1-bn-relu', 'conv3x3-bn-relu', 'conv3x3-bn-relu', 'conv3x3-bn-relu', 'output']}"
191,0.922776460647583,1,1,0,1,0,0,0,0,1,0,0,0,0,1,0,0,0,0,0,1,0,input,maxpool3x3,conv3x3-bn-relu,maxpool3x3,maxpool3x3,conv1x1-bn-relu,output,"{'code': '1-10-100-0010-00010-000010', 'operations': ['input', 'maxpool3x3', 'conv3x3-bn-relu', 'maxpool3x3', 'maxpool3x3', 'conv1x1-bn-relu', 'output']}"
192,0.9360977411270142,0,1,1,1,1,0,0,0,0,1,0,0,1,0,0,0,0,1,0,0,0,input,conv3x3-bn-relu,conv3x3-bn-relu,maxpool3x3,maxpool3x3,conv1x1-bn-relu,output,"{'code': '0-11-110-0001-00100-001000', 'operations': ['input', 'conv3x3-bn-relu', 'conv3x3-bn-relu', 'maxpool3x3', 'maxpool3x3', 'conv1x1-bn-relu', 'output']}"
193,0.9347956776618958,0,1,0,1,0,0,1,1,0,0,0,0,0,0,1,0,1,1,0,0,0,input,conv3x3-bn-relu,conv3x3-bn-relu,maxpool3x3,conv3x3-bn-relu,conv1x1-bn-relu,output,"{'code': '0-10-100-1100-00001-011000', 'operations': ['input', 'conv3x3-bn-relu', 'conv3x3-bn-relu', 'maxpool3x3', 'conv3x3-bn-relu', 'conv1x1-bn-relu', 'output']}"
194,0.8950320482254028,0,1,0,1,0,0,1,0,0,0,0,0,0,0,1,1,0,0,1,0,0,input,conv3x3-bn-relu,conv3x3-bn-relu,maxpool3x3,conv1x1-bn-relu,conv1x1-bn-relu,output,"{'code': '0-10-100-1000-00001-100100', 'operations': ['input', 'conv3x3-bn-relu', 'conv3x3-bn-relu', 'maxpool3x3', 'conv1x1-bn-relu', 'conv1x1-bn-relu', 'output']}"
195,0.8334335088729858,0,1,0,1,0,0,0,0,0,1,0,0,0,0,1,1,1,1,0,0,0,input,conv1x1-bn-relu,conv1x1-bn-relu,conv3x3-bn-relu,maxpool3x3,conv1x1-bn-relu,output,"{'code': '0-10-100-0001-00001-111000', 'operations': ['input', 'conv1x1-bn-relu', 'conv1x1-bn-relu', 'conv3x3-bn-relu', 'maxpool3x3', 'conv1x1-bn-relu', 'output']}"
196,0.9264823794364929,0,1,0,1,0,0,0,0,1,0,1,0,1,1,0,0,0,0,0,1,0,input,conv3x3-bn-relu,conv3x3-bn-relu,conv3x3-bn-relu,conv3x3-bn-relu,conv3x3-bn-relu,output,"{'code': '0-10-100-0010-10110-000010', 'operations': ['input', 'conv3x3-bn-relu', 'conv3x3-bn-relu', 'conv3x3-bn-relu', 'conv3x3-bn-relu', 'conv3x3-bn-relu', 'output']}"
197,0.8674879670143127,1,1,0,1,0,0,0,0,1,0,0,0,1,0,0,0,0,0,0,1,1,input,maxpool3x3,conv1x1-bn-relu,conv3x3-bn-relu,conv1x1-bn-relu,maxpool3x3,output,"{'code': '1-10-100-0010-00100-000011', 'operations': ['input', 'maxpool3x3', 'conv1x1-bn-relu', 'conv3x3-bn-relu', 'conv1x1-bn-relu', 'maxpool3x3', 'output']}"
198,0.9360977411270142,0,1,0,0,0,1,1,0,1,0,0,0,1,0,0,0,1,1,0,0,0,input,maxpool3x3,conv3x3-bn-relu,maxpool3x3,conv1x1-bn-relu,conv1x1-bn-relu,output,"{'code': '0-10-001-1010-00100-011000', 'operations': ['input', 'maxpool3x3', 'conv3x3-bn-relu', 'maxpool3x3', 'conv1x1-bn-relu', 'conv1x1-bn-relu', 'output']}"
199,0.9219751358032227,0,1,0,1,0,0,1,0,0,1,0,0,0,0,1,0,0,1,0,0,1,input,conv3x3-bn-relu,conv3x3-bn-relu,conv1x1-bn-relu,conv1x1-bn-relu,maxpool3x3,output,"{'code': '0-10-100-1001-00001-001001', 'operations': ['input', 'conv3x3-bn-relu', 'conv3x3-bn-relu', 'conv1x1-bn-relu', 'conv1x1-bn-relu', 'maxpool3x3', 'output']}"
200,0.9437099099159241,0,1,0,1,0,1,0,0,0,1,0,0,1,0,0,1,0,0,1,0,0,input,conv1x1-bn-relu,conv1x1-bn-relu,conv3x3-bn-relu,conv1x1-bn-relu,maxpool3x3,output,"{'code': '0-10-101-0001-00100-100100', 'operations': ['input', 'conv1x1-bn-relu', 'conv1x1-bn-relu', 'conv3x3-bn-relu', 'conv1x1-bn-relu', 'maxpool3x3', 'output']}"
201,0.9433093070983887,1,0,1,0,0,1,0,1,0,0,0,0,0,0,1,1,0,0,0,0,1,input,conv3x3-bn-relu,conv1x1-bn-relu,maxpool3x3,conv3x3-bn-relu,conv3x3-bn-relu,output,"{'code': '1-01-001-0100-00001-100001', 'operations': ['input', 'conv3x3-bn-relu', 'conv1x1-bn-relu', 'maxpool3x3', 'conv3x3-bn-relu', 'conv3x3-bn-relu', 'output']}"
202,0.8344351053237915,0,1,1,1,0,0,0,0,1,0,0,0,0,1,0,1,0,0,1,0,0,input,maxpool3x3,conv1x1-bn-relu,conv1x1-bn-relu,conv3x3-bn-relu,conv1x1-bn-relu,output,"{'code': '0-11-100-0010-00010-100100', 'operations': ['input', 'maxpool3x3', 'conv1x1-bn-relu', 'conv1x1-bn-relu', 'conv3x3-bn-relu', 'conv1x1-bn-relu', 'output']}"
203,0.9420071840286255,1,1,0,0,1,0,0,1,0,0,1,0,0,0,0,1,0,0,1,0,0,input,conv3x3-bn-relu,conv1x1-bn-relu,conv1x1-bn-relu,maxpool3x3,conv1x1-bn-relu,output,"{'code': '1-10-010-0100-10000-100100', 'operations': ['input', 'conv3x3-bn-relu', 'conv1x1-bn-relu', 'conv1x1-bn-relu', 'maxpool3x3', 'conv1x1-bn-relu', 'output']}"
204,0.938401460647583,0,1,0,0,0,1,0,0,1,0,1,1,0,0,0,0,0,0,1,0,1,input,conv3x3-bn-relu,conv3x3-bn-relu,conv3x3-bn-relu,maxpool3x3,conv3x3-bn-relu,output,"{'code': '0-10-001-0010-11000-000101', 'operations': ['input', 'conv3x3-bn-relu', 'conv3x3-bn-relu', 'conv3x3-bn-relu', 'maxpool3x3', 'conv3x3-bn-relu', 'output']}"
205,0.9390023946762085,1,1,0,0,1,0,0,0,1,0,1,0,1,0,0,0,0,1,0,0,0,input,conv1x1-bn-relu,conv3x3-bn-relu,conv1x1-bn-relu,conv3x3-bn-relu,conv1x1-bn-relu,output,"{'code': '1-10-010-0010-10100-001000', 'operations': ['input', 'conv1x1-bn-relu', 'conv3x3-bn-relu', 'conv1x1-bn-relu', 'conv3x3-bn-relu', 'conv1x1-bn-relu', 'output']}"
206,0.9350961446762085,0,1,0,1,1,0,0,0,0,1,0,0,0,0,1,1,0,0,0,0,1,input,conv1x1-bn-relu,conv3x3-bn-relu,maxpool3x3,conv3x3-bn-relu,conv3x3-bn-relu,output,"{'code': '0-10-110-0001-00001-100001', 'operations': ['input', 'conv1x1-bn-relu', 'conv3x3-bn-relu', 'maxpool3x3', 'conv3x3-bn-relu', 'conv3x3-bn-relu', 'output']}"
207,0.9347956776618958,1,0,1,0,0,1,0,1,0,0,0,0,1,0,0,0,1,0,0,0,0,input,conv3x3-bn-relu,conv1x1-bn-relu,conv1x1-bn-relu,maxpool3x3,conv1x1-bn-relu,output,"{'code': '1-01-001-0100-00100-010000', 'operations': ['input', 'conv3x3-bn-relu', 'conv1x1-bn-relu', 'conv1x1-bn-relu', 'maxpool3x3', 'conv1x1-bn-relu', 'output']}"
208,0.9015424847602844,0,1,0,0,0,1,0,1,1,0,0,0,1,0,0,1,0,0,1,0,0,input,maxpool3x3,maxpool3x3,conv1x1-bn-relu,conv3x3-bn-relu,conv1x1-bn-relu,output,"{'code': '0-10-001-0110-00100-100100', 'operations': ['input', 'maxpool3x3', 'maxpool3x3', 'conv1x1-bn-relu', 'conv3x3-bn-relu', 'conv1x1-bn-relu', 'output']}"
209,0.8683894276618958,0,1,0,0,0,1,1,0,0,1,0,0,0,0,1,0,0,0,1,1,0,input,conv3x3-bn-relu,conv1x1-bn-relu,conv1x1-bn-relu,maxpool3x3,conv1x1-bn-relu,output,"{'code': '0-10-001-1001-00001-000110', 'operations': ['input', 'conv3x3-bn-relu', 'conv1x1-bn-relu', 'conv1x1-bn-relu', 'maxpool3x3', 'conv1x1-bn-relu', 'output']}"
210,0.9380007982254028,0,1,0,1,0,0,0,0,0,1,0,0,0,0,1,1,0,0,0,0,1,input,conv1x1-bn-relu,conv1x1-bn-relu,conv1x1-bn-relu,conv3x3-bn-relu,conv3x3-bn-relu,output,"{'code': '0-10-100-0001-00001-100001', 'operations': ['input', 'conv1x1-bn-relu', 'conv1x1-bn-relu', 'conv1x1-bn-relu', 'conv3x3-bn-relu', 'conv3x3-bn-relu', 'output']}"
211,0.9358974099159241,1,0,1,0,0,1,0,1,0,0,0,0,0,0,1,1,0,0,1,0,0,input,conv3x3-bn-relu,conv1x1-bn-relu,conv3x3-bn-relu,conv1x1-bn-relu,conv1x1-bn-relu,output,"{'code': '1-01-001-0100-00001-100100', 'operations': ['input', 'conv3x3-bn-relu', 'conv1x1-bn-relu', 'conv3x3-bn-relu', 'conv1x1-bn-relu', 'conv1x1-bn-relu', 'output']}"
212,0.9399038553237915,0,1,0,1,0,0,0,0,0,1,0,0,0,1,1,1,0,0,0,0,1,input,conv1x1-bn-relu,conv1x1-bn-relu,conv3x3-bn-relu,conv3x3-bn-relu,conv3x3-bn-relu,output,"{'code': '0-10-100-0001-00011-100001', 'operations': ['input', 'conv1x1-bn-relu', 'conv1x1-bn-relu', 'conv3x3-bn-relu', 'conv3x3-bn-relu', 'conv3x3-bn-relu', 'output']}"
213,0.9286859035491943,1,0,1,0,0,1,0,1,0,0,0,0,0,0,1,1,0,0,1,0,0,input,conv3x3-bn-relu,conv1x1-bn-relu,maxpool3x3,conv1x1-bn-relu,conv1x1-bn-relu,output,"{'code': '1-01-001-0100-00001-100100', 'operations': ['input', 'conv3x3-bn-relu', 'conv1x1-bn-relu', 'maxpool3x3', 'conv1x1-bn-relu', 'conv1x1-bn-relu', 'output']}"
214,0.8405448794364929,0,1,0,1,0,0,0,0,0,1,0,0,0,1,1,1,0,0,1,0,0,input,conv1x1-bn-relu,conv1x1-bn-relu,conv1x1-bn-relu,conv3x3-bn-relu,conv1x1-bn-relu,output,"{'code': '0-10-100-0001-00011-100100', 'operations': ['input', 'conv1x1-bn-relu', 'conv1x1-bn-relu', 'conv1x1-bn-relu', 'conv3x3-bn-relu', 'conv1x1-bn-relu', 'output']}"
215,0.9390023946762085,1,1,0,0,1,0,0,1,0,0,1,0,0,0,0,1,0,0,1,0,0,input,conv3x3-bn-relu,conv1x1-bn-relu,conv3x3-bn-relu,conv1x1-bn-relu,conv1x1-bn-relu,output,"{'code': '1-10-010-0100-10000-100100', 'operations': ['input', 'conv3x3-bn-relu', 'conv1x1-bn-relu', 'conv3x3-bn-relu', 'conv1x1-bn-relu', 'conv1x1-bn-relu', 'output']}"
216,0.9410055875778198,0,1,0,1,0,0,0,0,1,0,0,0,0,1,0,1,0,0,1,0,0,input,conv3x3-bn-relu,conv3x3-bn-relu,conv3x3-bn-relu,maxpool3x3,conv1x1-bn-relu,output,"{'code': '0-10-100-0010-00010-100100', 'operations': ['input', 'conv3x3-bn-relu', 'conv3x3-bn-relu', 'conv3x3-bn-relu', 'maxpool3x3', 'conv1x1-bn-relu', 'output']}"
217,0.9196714758872986,1,0,1,0,1,0,0,0,0,1,0,0,0,0,1,1,0,0,0,1,0,input,maxpool3x3,maxpool3x3,maxpool3x3,conv3x3-bn-relu,maxpool3x3,output,"{'code': '1-01-010-0001-00001-100010', 'operations': ['input', 'maxpool3x3', 'maxpool3x3', 'maxpool3x3', 'conv3x3-bn-relu', 'maxpool3x3', 'output']}"
218,0.9402043223381042,0,1,0,1,0,1,0,0,0,1,0,0,1,0,0,1,0,0,1,0,0,input,conv1x1-bn-relu,conv1x1-bn-relu,conv3x3-bn-relu,conv1x1-bn-relu,conv1x1-bn-relu,output,"{'code': '0-10-101-0001-00100-100100', 'operations': ['input', 'conv1x1-bn-relu', 'conv1x1-bn-relu', 'conv3x3-bn-relu', 'conv1x1-bn-relu', 'conv1x1-bn-relu', 'output']}"
219,0.9417067170143127,1,1,0,0,1,0,0,1,0,0,1,0,0,0,0,1,0,0,1,0,0,input,conv3x3-bn-relu,conv1x1-bn-relu,conv1x1-bn-relu,conv3x3-bn-relu,maxpool3x3,output,"{'code': '1-10-010-0100-10000-100100', 'operations': ['input', 'conv3x3-bn-relu', 'conv1x1-bn-relu', 'conv1x1-bn-relu', 'conv3x3-bn-relu', 'maxpool3x3', 'output']}"
220,0.9329928159713745,0,1,0,0,0,1,0,0,1,0,0,0,1,0,0,0,0,1,0,0,1,input,conv1x1-bn-relu,conv3x3-bn-relu,conv3x3-bn-relu,conv3x3-bn-relu,conv3x3-bn-relu,output,"{'code': '0-10-001-0010-00100-001001', 'operations': ['input', 'conv1x1-bn-relu', 'conv3x3-bn-relu', 'conv3x3-bn-relu', 'conv3x3-bn-relu', 'conv3x3-bn-relu', 'output']}"
221,0.8270232081413269,0,1,0,1,0,0,0,0,0,1,0,0,0,0,1,0,0,1,0,0,0,input,conv1x1-bn-relu,conv1x1-bn-relu,conv3x3-bn-relu,maxpool3x3,maxpool3x3,output,"{'code': '0-10-100-0001-00001-001000', 'operations': ['input', 'conv1x1-bn-relu', 'conv1x1-bn-relu', 'conv3x3-bn-relu', 'maxpool3x3', 'maxpool3x3', 'output']}"
222,0.9420071840286255,1,0,1,0,0,1,0,1,0,0,0,1,0,0,0,1,0,0,0,1,0,input,conv3x3-bn-relu,maxpool3x3,conv3x3-bn-relu,conv1x1-bn-relu,conv3x3-bn-relu,output,"{'code': '1-01-001-0100-01000-100010', 'operations': ['input', 'conv3x3-bn-relu', 'maxpool3x3', 'conv3x3-bn-relu', 'conv1x1-bn-relu', 'conv3x3-bn-relu', 'output']}"
223,0.9360977411270142,0,1,0,1,1,0,0,0,1,0,1,0,0,0,0,0,0,1,0,0,0,input,maxpool3x3,conv3x3-bn-relu,conv3x3-bn-relu,maxpool3x3,conv1x1-bn-relu,output,"{'code': '0-10-110-0010-10000-001000', 'operations': ['input', 'maxpool3x3', 'conv3x3-bn-relu', 'conv3x3-bn-relu', 'maxpool3x3', 'conv1x1-bn-relu', 'output']}"
224,0.8358373641967773,1,1,0,0,1,0,0,1,0,0,1,0,0,0,0,1,0,0,0,0,0,input,conv3x3-bn-relu,conv1x1-bn-relu,maxpool3x3,conv3x3-bn-relu,conv3x3-bn-relu,output,"{'code': '1-10-010-0100-10000-100000', 'operations': ['input', 'conv3x3-bn-relu', 'conv1x1-bn-relu', 'maxpool3x3', 'conv3x3-bn-relu', 'conv3x3-bn-relu', 'output']}"
225,0.825120210647583,1,0,1,0,0,1,0,1,0,0,0,0,0,0,1,1,0,0,1,0,0,input,conv1x1-bn-relu,conv1x1-bn-relu,conv1x1-bn-relu,maxpool3x3,conv1x1-bn-relu,output,"{'code': '1-01-001-0100-00001-100100', 'operations': ['input', 'conv1x1-bn-relu', 'conv1x1-bn-relu', 'conv1x1-bn-relu', 'maxpool3x3', 'conv1x1-bn-relu', 'output']}"
226,0.9347956776618958,0,1,0,1,0,0,0,1,0,1,0,0,0,1,0,0,0,1,0,0,0,input,conv1x1-bn-relu,conv3x3-bn-relu,maxpool3x3,maxpool3x3,conv1x1-bn-relu,output,"{'code': '0-10-100-0101-00010-001000', 'operations': ['input', 'conv1x1-bn-relu', 'conv3x3-bn-relu', 'maxpool3x3', 'maxpool3x3', 'conv1x1-bn-relu', 'output']}"
227,0.9347956776618958,0,1,1,1,1,0,0,0,0,1,0,0,1,0,0,0,0,1,0,0,0,input,conv3x3-bn-relu,conv3x3-bn-relu,maxpool3x3,conv3x3-bn-relu,maxpool3x3,output,"{'code': '0-11-110-0001-00100-001000', 'operations': ['input', 'conv3x3-bn-relu', 'conv3x3-bn-relu', 'maxpool3x3', 'conv3x3-bn-relu', 'maxpool3x3', 'output']}"
228,0.8334335088729858,0,1,0,1,1,0,0,0,1,0,0,0,1,0,0,1,0,0,1,0,0,input,maxpool3x3,conv3x3-bn-relu,conv1x1-bn-relu,maxpool3x3,conv1x1-bn-relu,output,"{'code': '0-10-110-0010-00100-100100', 'operations': ['input', 'maxpool3x3', 'conv3x3-bn-relu', 'conv1x1-bn-relu', 'maxpool3x3', 'conv1x1-bn-relu', 'output']}"
229,0.9386017918586731,0,1,0,0,0,1,0,1,1,0,0,0,0,0,1,1,0,0,0,1,0,input,conv3x3-bn-relu,conv3x3-bn-relu,maxpool3x3,conv3x3-bn-relu,conv3x3-bn-relu,output,"{'code': '0-10-001-0110-00001-100010', 'operations': ['input', 'conv3x3-bn-relu', 'conv3x3-bn-relu', 'maxpool3x3', 'conv3x3-bn-relu', 'conv3x3-bn-relu', 'output']}"
230,0.9390023946762085,1,1,0,0,1,0,0,1,0,0,1,0,0,0,0,1,0,0,1,0,0,input,conv3x3-bn-relu,conv3x3-bn-relu,conv3x3-bn-relu,conv3x3-bn-relu,maxpool3x3,output,"{'code': '1-10-010-0100-10000-100100', 'operations': ['input', 'conv3x3-bn-relu', 'conv3x3-bn-relu', 'conv3x3-bn-relu', 'conv3x3-bn-relu', 'maxpool3x3', 'output']}"
231,0.885817289352417,0,1,0,0,0,1,0,0,1,0,0,0,1,0,0,0,0,1,0,0,0,input,conv1x1-bn-relu,maxpool3x3,conv1x1-bn-relu,maxpool3x3,conv3x3-bn-relu,output,"{'code': '0-10-001-0010-00100-001000', 'operations': ['input', 'conv1x1-bn-relu', 'maxpool3x3', 'conv1x1-bn-relu', 'maxpool3x3', 'conv3x3-bn-relu', 'output']}"
232,0.8958333134651184,1,1,0,1,0,0,0,0,0,1,0,0,0,0,1,0,0,0,1,0,0,input,conv1x1-bn-relu,conv3x3-bn-relu,maxpool3x3,conv1x1-bn-relu,conv1x1-bn-relu,output,"{'code': '1-10-100-0001-00001-000100', 'operations': ['input', 'conv1x1-bn-relu', 'conv3x3-bn-relu', 'maxpool3x3', 'conv1x1-bn-relu', 'conv1x1-bn-relu', 'output']}"
233,0.8344351053237915,0,1,0,1,0,0,0,0,0,1,0,0,0,1,0,1,0,1,0,0,0,input,conv1x1-bn-relu,conv1x1-bn-relu,conv3x3-bn-relu,conv3x3-bn-relu,conv1x1-bn-relu,output,"{'code': '0-10-100-0001-00010-101000', 'operations': ['input', 'conv1x1-bn-relu', 'conv1x1-bn-relu', 'conv3x3-bn-relu', 'conv3x3-bn-relu', 'conv1x1-bn-relu', 'output']}"
234,0.9229767918586731,0,1,1,1,0,0,0,0,0,1,0,0,0,0,1,0,0,1,0,1,0,input,conv1x1-bn-relu,conv1x1-bn-relu,conv3x3-bn-relu,maxpool3x3,conv1x1-bn-relu,output,"{'code': '0-11-100-0001-00001-001010', 'operations': ['input', 'conv1x1-bn-relu', 'conv1x1-bn-relu', 'conv3x3-bn-relu', 'maxpool3x3', 'conv1x1-bn-relu', 'output']}"
235,0.9386017918586731,1,0,1,0,0,1,0,1,0,0,0,1,0,0,0,1,0,0,0,0,1,input,conv3x3-bn-relu,maxpool3x3,conv3x3-bn-relu,maxpool3x3,conv3x3-bn-relu,output,"{'code': '1-01-001-0100-01000-100001', 'operations': ['input', 'conv3x3-bn-relu', 'maxpool3x3', 'conv3x3-bn-relu', 'maxpool3x3', 'conv3x3-bn-relu', 'output']}"
236,0.9336938858032227,0,1,1,1,0,0,0,0,0,1,0,0,1,0,0,0,0,1,0,0,1,input,conv3x3-bn-relu,conv3x3-bn-relu,conv1x1-bn-relu,conv1x1-bn-relu,conv3x3-bn-relu,output,"{'code': '0-11-100-0001-00100-001001', 'operations': ['input', 'conv3x3-bn-relu', 'conv3x3-bn-relu', 'conv1x1-bn-relu', 'conv1x1-bn-relu', 'conv3x3-bn-relu', 'output']}"
237,0.9347956776618958,0,1,0,1,1,0,0,0,0,1,0,0,1,0,0,0,0,1,0,0,0,input,conv1x1-bn-relu,conv3x3-bn-relu,maxpool3x3,maxpool3x3,conv3x3-bn-relu,output,"{'code': '0-10-110-0001-00100-001000', 'operations': ['input', 'conv1x1-bn-relu', 'conv3x3-bn-relu', 'maxpool3x3', 'maxpool3x3', 'conv3x3-bn-relu', 'output']}"
238,0.9390023946762085,0,1,0,1,0,0,1,0,1,0,0,0,1,0,0,0,0,1,0,0,0,input,conv3x3-bn-relu,conv3x3-bn-relu,conv3x3-bn-relu,conv3x3-bn-relu,maxpool3x3,output,"{'code': '0-10-100-1010-00100-001000', 'operations': ['input', 'conv3x3-bn-relu', 'conv3x3-bn-relu', 'conv3x3-bn-relu', 'conv3x3-bn-relu', 'maxpool3x3', 'output']}"
239,0.9291867017745972,0,1,0,0,0,1,0,0,1,0,0,0,0,1,0,1,0,1,1,0,0,input,conv1x1-bn-relu,conv3x3-bn-relu,maxpool3x3,maxpool3x3,conv3x3-bn-relu,output,"{'code': '0-10-001-0010-00010-101100', 'operations': ['input', 'conv1x1-bn-relu', 'conv3x3-bn-relu', 'maxpool3x3', 'maxpool3x3', 'conv3x3-bn-relu', 'output']}"
240,0.9311898946762085,0,1,0,0,0,1,1,0,0,1,0,0,0,0,1,0,0,0,1,1,0,input,maxpool3x3,maxpool3x3,conv1x1-bn-relu,conv3x3-bn-relu,conv3x3-bn-relu,output,"{'code': '0-10-001-1001-00001-000110', 'operations': ['input', 'maxpool3x3', 'maxpool3x3', 'conv1x1-bn-relu', 'conv3x3-bn-relu', 'conv3x3-bn-relu', 'output']}"
241,0.9417067170143127,1,1,0,0,1,0,0,1,0,0,1,0,0,0,0,1,0,0,1,0,0,input,conv3x3-bn-relu,conv3x3-bn-relu,conv1x1-bn-relu,conv3x3-bn-relu,conv1x1-bn-relu,output,"{'code': '1-10-010-0100-10000-100100', 'operations': ['input', 'conv3x3-bn-relu', 'conv3x3-bn-relu', 'conv1x1-bn-relu', 'conv3x3-bn-relu', 'conv1x1-bn-relu', 'output']}"
242,0.9390023946762085,0,1,1,1,1,0,0,0,0,1,0,0,1,0,0,0,0,1,0,0,0,input,conv3x3-bn-relu,conv3x3-bn-relu,conv3x3-bn-relu,maxpool3x3,conv1x1-bn-relu,output,"{'code': '0-11-110-0001-00100-001000', 'operations': ['input', 'conv3x3-bn-relu', 'conv3x3-bn-relu', 'conv3x3-bn-relu', 'maxpool3x3', 'conv1x1-bn-relu', 'output']}"
243,0.9300881624221802,0,1,0,1,1,0,0,0,0,1,0,0,1,0,0,0,0,1,0,0,1,input,conv1x1-bn-relu,conv3x3-bn-relu,maxpool3x3,maxpool3x3,conv1x1-bn-relu,output,"{'code': '0-10-110-0001-00100-001001', 'operations': ['input', 'conv1x1-bn-relu', 'conv3x3-bn-relu', 'maxpool3x3', 'maxpool3x3', 'conv1x1-bn-relu', 'output']}"
244,0.9300881624221802,1,0,1,0,0,1,0,1,0,0,1,0,0,0,0,1,0,0,1,0,0,input,conv3x3-bn-relu,conv1x1-bn-relu,maxpool3x3,conv3x3-bn-relu,conv3x3-bn-relu,output,"{'code': '1-01-001-0100-10000-100100', 'operations': ['input', 'conv3x3-bn-relu', 'conv1x1-bn-relu', 'maxpool3x3', 'conv3x3-bn-relu', 'conv3x3-bn-relu', 'output']}"
245,0.9379006624221802,1,1,0,0,1,0,0,1,0,0,0,0,0,0,1,1,0,0,0,0,1,input,conv3x3-bn-relu,conv3x3-bn-relu,conv1x1-bn-relu,maxpool3x3,conv3x3-bn-relu,output,"{'code': '1-10-010-0100-00001-100001', 'operations': ['input', 'conv3x3-bn-relu', 'conv3x3-bn-relu', 'conv1x1-bn-relu', 'maxpool3x3', 'conv3x3-bn-relu', 'output']}"
246,0.9381009340286255,0,1,0,0,0,1,1,0,1,0,0,0,0,1,0,1,0,1,0,0,0,input,conv3x3-bn-relu,conv3x3-bn-relu,conv3x3-bn-relu,maxpool3x3,conv3x3-bn-relu,output,"{'code': '0-10-001-1010-00010-101000', 'operations': ['input', 'conv3x3-bn-relu', 'conv3x3-bn-relu', 'conv3x3-bn-relu', 'maxpool3x3', 'conv3x3-bn-relu', 'output']}"
247,0.9367988705635071,0,1,0,1,0,0,0,0,1,0,1,0,0,0,0,0,0,1,1,0,0,input,maxpool3x3,conv3x3-bn-relu,conv1x1-bn-relu,maxpool3x3,conv3x3-bn-relu,output,"{'code': '0-10-100-0010-10000-001100', 'operations': ['input', 'maxpool3x3', 'conv3x3-bn-relu', 'conv1x1-bn-relu', 'maxpool3x3', 'conv3x3-bn-relu', 'output']}"
248,0.9360977411270142,0,1,0,1,0,0,1,0,0,0,0,1,0,1,0,0,0,1,0,0,0,input,maxpool3x3,conv3x3-bn-relu,conv1x1-bn-relu,conv1x1-bn-relu,conv3x3-bn-relu,output,"{'code': '0-10-100-1000-01010-001000', 'operations': ['input', 'maxpool3x3', 'conv3x3-bn-relu', 'conv1x1-bn-relu', 'conv1x1-bn-relu', 'conv3x3-bn-relu', 'output']}"
249,0.9379006624221802,1,1,0,0,1,0,0,0,1,0,1,0,0,0,0,1,0,0,0,1,0,input,conv1x1-bn-relu,conv3x3-bn-relu,conv1x1-bn-relu,conv3x3-bn-relu,conv3x3-bn-relu,output,"{'code': '1-10-010-0010-10000-100010', 'operations': ['input', 'conv1x1-bn-relu', 'conv3x3-bn-relu', 'conv1x1-bn-relu', 'conv3x3-bn-relu', 'conv3x3-bn-relu', 'output']}"
250,0.8270232081413269,0,1,1,0,1,1,0,0,0,1,0,0,1,0,0,0,0,1,0,0,0,input,maxpool3x3,conv1x1-bn-relu,conv3x3-bn-relu,maxpool3x3,conv1x1-bn-relu,output,"{'code': '0-11-011-0001-00100-001000', 'operations': ['input', 'maxpool3x3', 'conv1x1-bn-relu', 'conv3x3-bn-relu', 'maxpool3x3', 'conv1x1-bn-relu', 'output']}"
251,0.8827123641967773,0,1,1,1,0,0,0,0,1,0,0,0,0,1,0,1,0,0,1,0,0,input,conv3x3-bn-relu,conv3x3-bn-relu,maxpool3x3,maxpool3x3,conv1x1-bn-relu,output,"{'code': '0-11-100-0010-00010-100100', 'operations': ['input', 'conv3x3-bn-relu', 'conv3x3-bn-relu', 'maxpool3x3', 'maxpool3x3', 'conv1x1-bn-relu', 'output']}"
252,0.9282852411270142,1,0,1,1,0,1,0,1,0,0,0,0,1,0,0,0,0,1,0,0,0,input,conv3x3-bn-relu,conv1x1-bn-relu,conv1x1-bn-relu,conv3x3-bn-relu,conv3x3-bn-relu,output,"{'code': '1-01-101-0100-00100-001000', 'operations': ['input', 'conv3x3-bn-relu', 'conv1x1-bn-relu', 'conv1x1-bn-relu', 'conv3x3-bn-relu', 'conv3x3-bn-relu', 'output']}"
253,0.9420071840286255,1,1,0,0,1,0,0,1,0,0,1,0,0,0,0,1,0,0,1,0,0,input,conv3x3-bn-relu,conv3x3-bn-relu,conv1x1-bn-relu,maxpool3x3,conv1x1-bn-relu,output,"{'code': '1-10-010-0100-10000-100100', 'operations': ['input', 'conv3x3-bn-relu', 'conv3x3-bn-relu', 'conv1x1-bn-relu', 'maxpool3x3', 'conv1x1-bn-relu', 'output']}"
254,0.9347956776618958,0,1,0,1,0,0,1,1,0,0,0,0,0,0,1,0,1,1,0,0,0,input,maxpool3x3,conv3x3-bn-relu,maxpool3x3,conv3x3-bn-relu,conv1x1-bn-relu,output,"{'code': '0-10-100-1100-00001-011000', 'operations': ['input', 'maxpool3x3', 'conv3x3-bn-relu', 'maxpool3x3', 'conv3x3-bn-relu', 'conv1x1-bn-relu', 'output']}"
255,0.9360977411270142,0,1,0,0,0,1,1,0,1,0,0,0,1,0,0,0,1,1,0,0,0,input,conv3x3-bn-relu,conv3x3-bn-relu,maxpool3x3,conv1x1-bn-relu,conv1x1-bn-relu,output,"{'code': '0-10-001-1010-00100-011000', 'operations': ['input', 'conv3x3-bn-relu', 'conv3x3-bn-relu', 'maxpool3x3', 'conv1x1-bn-relu', 'conv1x1-bn-relu', 'output']}"
256,0.8958333134651184,0,1,0,1,0,0,0,1,0,1,0,0,0,1,0,0,0,1,0,0,0,input,conv1x1-bn-relu,maxpool3x3,conv1x1-bn-relu,conv1x1-bn-relu,conv1x1-bn-relu,output,"{'code': '0-10-100-0101-00010-001000', 'operations': ['input', 'conv1x1-bn-relu', 'maxpool3x3', 'conv1x1-bn-relu', 'conv1x1-bn-relu', 'conv1x1-bn-relu', 'output']}"
257,0.9222756624221802,1,0,1,0,0,1,1,0,0,0,0,0,1,0,0,1,0,1,0,0,0,input,maxpool3x3,conv3x3-bn-relu,maxpool3x3,conv3x3-bn-relu,maxpool3x3,output,"{'code': '1-01-001-1000-00100-101000', 'operations': ['input', 'maxpool3x3', 'conv3x3-bn-relu', 'maxpool3x3', 'conv3x3-bn-relu', 'maxpool3x3', 'output']}"
258,0.9392027258872986,1,1,0,1,0,0,0,0,1,0,1,0,0,0,0,0,0,1,0,0,1,input,maxpool3x3,conv3x3-bn-relu,conv3x3-bn-relu,conv1x1-bn-relu,conv3x3-bn-relu,output,"{'code': '1-10-100-0010-10000-001001', 'operations': ['input', 'maxpool3x3', 'conv3x3-bn-relu', 'conv3x3-bn-relu', 'conv1x1-bn-relu', 'conv3x3-bn-relu', 'output']}"
259,0.9355969429016113,0,1,0,1,0,0,0,0,0,1,0,0,1,0,0,0,0,1,1,1,0,input,conv1x1-bn-relu,conv3x3-bn-relu,conv1x1-bn-relu,conv3x3-bn-relu,conv3x3-bn-relu,output,"{'code': '0-10-100-0001-00100-001110', 'operations': ['input', 'conv1x1-bn-relu', 'conv3x3-bn-relu', 'conv1x1-bn-relu', 'conv3x3-bn-relu', 'conv3x3-bn-relu', 'output']}"
260,0.8346354365348816,0,1,0,0,0,1,0,1,1,0,0,0,1,0,0,1,1,0,0,0,0,input,conv3x3-bn-relu,conv1x1-bn-relu,conv3x3-bn-relu,conv1x1-bn-relu,maxpool3x3,output,"{'code': '0-10-001-0110-00100-110000', 'operations': ['input', 'conv3x3-bn-relu', 'conv1x1-bn-relu', 'conv3x3-bn-relu', 'conv1x1-bn-relu', 'maxpool3x3', 'output']}"
261,0.8334335088729858,0,1,0,1,0,0,0,0,0,1,0,0,1,0,0,1,0,0,1,0,0,input,conv1x1-bn-relu,conv3x3-bn-relu,conv1x1-bn-relu,conv3x3-bn-relu,conv1x1-bn-relu,output,"{'code': '0-10-100-0001-00100-100100', 'operations': ['input', 'conv1x1-bn-relu', 'conv3x3-bn-relu', 'conv1x1-bn-relu', 'conv3x3-bn-relu', 'conv1x1-bn-relu', 'output']}"
262,0.8224158883094788,0,1,1,1,1,0,0,0,0,1,0,0,1,0,0,0,0,0,1,0,0,input,conv3x3-bn-relu,conv3x3-bn-relu,conv1x1-bn-relu,maxpool3x3,conv3x3-bn-relu,output,"{'code': '0-11-110-0001-00100-000100', 'operations': ['input', 'conv3x3-bn-relu', 'conv3x3-bn-relu', 'conv1x1-bn-relu', 'maxpool3x3', 'conv3x3-bn-relu', 'output']}"
263,0.9381009340286255,1,1,0,0,1,0,0,1,0,0,1,0,0,0,0,1,0,1,0,0,0,input,conv3x3-bn-relu,conv3x3-bn-relu,maxpool3x3,maxpool3x3,conv3x3-bn-relu,output,"{'code': '1-10-010-0100-10000-101000', 'operations': ['input', 'conv3x3-bn-relu', 'conv3x3-bn-relu', 'maxpool3x3', 'maxpool3x3', 'conv3x3-bn-relu', 'output']}"
264,0.9346955418586731,0,1,0,0,0,1,1,0,1,0,0,0,0,1,0,1,0,0,1,0,0,input,conv3x3-bn-relu,conv1x1-bn-relu,conv3x3-bn-relu,maxpool3x3,conv1x1-bn-relu,output,"{'code': '0-10-001-1010-00010-100100', 'operations': ['input', 'conv3x3-bn-relu', 'conv1x1-bn-relu', 'conv3x3-bn-relu', 'maxpool3x3', 'conv1x1-bn-relu', 'output']}"
265,0.9264823794364929,1,0,1,1,0,0,0,0,1,0,0,0,0,1,0,0,0,1,0,0,0,input,conv3x3-bn-relu,conv3x3-bn-relu,conv1x1-bn-relu,conv1x1-bn-relu,conv3x3-bn-relu,output,"{'code': '1-01-100-0010-00010-001000', 'operations': ['input', 'conv3x3-bn-relu', 'conv3x3-bn-relu', 'conv1x1-bn-relu', 'conv1x1-bn-relu', 'conv3x3-bn-relu', 'output']}"
266,0.9360977411270142,0,1,0,1,0,0,1,0,0,1,0,1,0,0,1,0,0,1,0,0,0,input,conv1x1-bn-relu,conv3x3-bn-relu,maxpool3x3,conv1x1-bn-relu,conv1x1-bn-relu,output,"{'code': '0-10-100-1001-01001-001000', 'operations': ['input', 'conv1x1-bn-relu', 'conv3x3-bn-relu', 'maxpool3x3', 'conv1x1-bn-relu', 'conv1x1-bn-relu', 'output']}"
267,0.9366987347602844,1,1,0,1,0,0,0,0,1,0,0,0,0,0,1,0,1,1,0,0,0,input,conv1x1-bn-relu,conv3x3-bn-relu,maxpool3x3,conv1x1-bn-relu,conv1x1-bn-relu,output,"{'code': '1-10-100-0010-00001-011000', 'operations': ['input', 'conv1x1-bn-relu', 'conv3x3-bn-relu', 'maxpool3x3', 'conv1x1-bn-relu', 'conv1x1-bn-relu', 'output']}"
268,0.9381009340286255,0,1,0,0,0,1,1,0,1,0,0,0,0,1,0,1,0,1,0,0,0,input,conv3x3-bn-relu,conv3x3-bn-relu,conv1x1-bn-relu,maxpool3x3,conv3x3-bn-relu,output,"{'code': '0-10-001-1010-00010-101000', 'operations': ['input', 'conv3x3-bn-relu', 'conv3x3-bn-relu', 'conv1x1-bn-relu', 'maxpool3x3', 'conv3x3-bn-relu', 'output']}"
269,0.9420071840286255,1,1,0,0,1,0,0,1,0,0,1,0,0,0,0,1,0,0,1,0,0,input,conv3x3-bn-relu,conv3x3-bn-relu,conv1x1-bn-relu,maxpool3x3,conv3x3-bn-relu,output,"{'code': '1-10-010-0100-10000-100100', 'operations': ['input', 'conv3x3-bn-relu', 'conv3x3-bn-relu', 'conv1x1-bn-relu', 'maxpool3x3', 'conv3x3-bn-relu', 'output']}"
270,0.9390023946762085,0,1,0,1,0,1,0,0,0,1,0,0,1,0,0,0,0,1,1,0,0,input,conv3x3-bn-relu,conv3x3-bn-relu,conv3x3-bn-relu,conv1x1-bn-relu,maxpool3x3,output,"{'code': '0-10-101-0001-00100-001100', 'operations': ['input', 'conv3x3-bn-relu', 'conv3x3-bn-relu', 'conv3x3-bn-relu', 'conv1x1-bn-relu', 'maxpool3x3', 'output']}"
271,0.83203125,0,1,0,0,0,1,0,1,1,0,0,0,1,0,0,1,0,0,1,0,0,input,conv1x1-bn-relu,conv1x1-bn-relu,conv1x1-bn-relu,maxpool3x3,conv1x1-bn-relu,output,"{'code': '0-10-001-0110-00100-100100', 'operations': ['input', 'conv1x1-bn-relu', 'conv1x1-bn-relu', 'conv1x1-bn-relu', 'maxpool3x3', 'conv1x1-bn-relu', 'output']}"
272,0.9367988705635071,0,1,0,1,0,0,0,0,1,0,1,0,0,0,0,0,0,1,1,0,0,input,conv1x1-bn-relu,conv3x3-bn-relu,conv1x1-bn-relu,conv3x3-bn-relu,conv1x1-bn-relu,output,"{'code': '0-10-100-0010-10000-001100', 'operations': ['input', 'conv1x1-bn-relu', 'conv3x3-bn-relu', 'conv1x1-bn-relu', 'conv3x3-bn-relu', 'conv1x1-bn-relu', 'output']}"
273,0.9360977411270142,0,1,0,1,0,0,1,0,1,0,0,0,0,0,1,0,1,1,0,0,0,input,conv3x3-bn-relu,conv3x3-bn-relu,conv3x3-bn-relu,conv1x1-bn-relu,conv1x1-bn-relu,output,"{'code': '0-10-100-1010-00001-011000', 'operations': ['input', 'conv3x3-bn-relu', 'conv3x3-bn-relu', 'conv3x3-bn-relu', 'conv1x1-bn-relu', 'conv1x1-bn-relu', 'output']}"
274,0.9358974099159241,0,1,0,1,0,1,1,0,0,1,1,0,0,0,0,0,0,0,1,0,0,input,conv1x1-bn-relu,maxpool3x3,conv3x3-bn-relu,maxpool3x3,maxpool3x3,output,"{'code': '0-10-101-1001-10000-000100', 'operations': ['input', 'conv1x1-bn-relu', 'maxpool3x3', 'conv3x3-bn-relu', 'maxpool3x3', 'maxpool3x3', 'output']}"
275,0.8358373641967773,1,1,0,1,0,0,0,0,1,0,0,0,1,0,0,1,0,0,0,0,0,input,maxpool3x3,conv1x1-bn-relu,conv3x3-bn-relu,conv1x1-bn-relu,maxpool3x3,output,"{'code': '1-10-100-0010-00100-100000', 'operations': ['input', 'maxpool3x3', 'conv1x1-bn-relu', 'conv3x3-bn-relu', 'conv1x1-bn-relu', 'maxpool3x3', 'output']}"
276,0.9420071840286255,0,1,0,0,0,1,0,0,1,0,0,0,1,0,0,1,0,0,1,0,0,input,conv3x3-bn-relu,conv3x3-bn-relu,conv1x1-bn-relu,conv3x3-bn-relu,maxpool3x3,output,"{'code': '0-10-001-0010-00100-100100', 'operations': ['input', 'conv3x3-bn-relu', 'conv3x3-bn-relu', 'conv1x1-bn-relu', 'conv3x3-bn-relu', 'maxpool3x3', 'output']}"
277,0.938401460647583,0,1,0,1,1,0,0,0,0,1,0,0,0,0,1,1,0,0,1,0,0,input,conv1x1-bn-relu,conv1x1-bn-relu,conv3x3-bn-relu,maxpool3x3,conv1x1-bn-relu,output,"{'code': '0-10-110-0001-00001-100100', 'operations': ['input', 'conv1x1-bn-relu', 'conv1x1-bn-relu', 'conv3x3-bn-relu', 'maxpool3x3', 'conv1x1-bn-relu', 'output']}"
278,0.8334335088729858,0,1,0,1,0,0,0,0,1,0,0,0,0,1,0,1,0,0,1,0,0,input,maxpool3x3,conv1x1-bn-relu,conv1x1-bn-relu,conv3x3-bn-relu,conv1x1-bn-relu,output,"{'code': '0-10-100-0010-00010-100100', 'operations': ['input', 'maxpool3x3', 'conv1x1-bn-relu', 'conv1x1-bn-relu', 'conv3x3-bn-relu', 'conv1x1-bn-relu', 'output']}"
279,0.9386017918586731,1,1,0,0,1,0,0,1,0,0,1,0,0,0,0,1,0,0,1,0,0,input,conv3x3-bn-relu,conv1x1-bn-relu,conv3x3-bn-relu,maxpool3x3,conv1x1-bn-relu,output,"{'code': '1-10-010-0100-10000-100100', 'operations': ['input', 'conv3x3-bn-relu', 'conv1x1-bn-relu', 'conv3x3-bn-relu', 'maxpool3x3', 'conv1x1-bn-relu', 'output']}"
280,0.8255208134651184,0,1,0,1,0,0,0,1,0,1,0,0,0,0,1,0,0,1,1,0,0,input,conv1x1-bn-relu,conv1x1-bn-relu,conv1x1-bn-relu,maxpool3x3,conv3x3-bn-relu,output,"{'code': '0-10-100-0101-00001-001100', 'operations': ['input', 'conv1x1-bn-relu', 'conv1x1-bn-relu', 'conv1x1-bn-relu', 'maxpool3x3', 'conv3x3-bn-relu', 'output']}"
281,0.936598539352417,0,1,0,1,1,0,0,0,1,0,1,0,0,0,0,0,0,1,0,0,1,input,maxpool3x3,conv3x3-bn-relu,conv3x3-bn-relu,conv3x3-bn-relu,conv3x3-bn-relu,output,"{'code': '0-10-110-0010-10000-001001', 'operations': ['input', 'maxpool3x3', 'conv3x3-bn-relu', 'conv3x3-bn-relu', 'conv3x3-bn-relu', 'conv3x3-bn-relu', 'output']}"
282,0.9280849099159241,1,0,1,0,0,1,0,1,0,0,0,0,0,0,1,0,0,1,0,0,1,input,conv3x3-bn-relu,conv1x1-bn-relu,maxpool3x3,conv3x3-bn-relu,conv3x3-bn-relu,output,"{'code': '1-01-001-0100-00001-001001', 'operations': ['input', 'conv3x3-bn-relu', 'conv1x1-bn-relu', 'maxpool3x3', 'conv3x3-bn-relu', 'conv3x3-bn-relu', 'output']}"
283,0.9379006624221802,0,1,0,1,0,0,0,0,0,1,0,0,0,0,1,1,0,0,0,0,1,input,conv1x1-bn-relu,conv1x1-bn-relu,conv3x3-bn-relu,maxpool3x3,conv3x3-bn-relu,output,"{'code': '0-10-100-0001-00001-100001', 'operations': ['input', 'conv1x1-bn-relu', 'conv1x1-bn-relu', 'conv3x3-bn-relu', 'maxpool3x3', 'conv3x3-bn-relu', 'output']}"
284,0.9416065812110901,0,1,0,1,0,0,0,0,0,1,0,0,1,0,1,1,0,0,0,0,1,input,conv1x1-bn-relu,conv3x3-bn-relu,conv3x3-bn-relu,maxpool3x3,conv3x3-bn-relu,output,"{'code': '0-10-100-0001-00101-100001', 'operations': ['input', 'conv1x1-bn-relu', 'conv3x3-bn-relu', 'conv3x3-bn-relu', 'maxpool3x3', 'conv3x3-bn-relu', 'output']}"
285,0.9300881624221802,1,0,1,0,0,1,0,1,0,0,0,0,0,0,1,1,0,0,1,0,0,input,conv3x3-bn-relu,conv1x1-bn-relu,maxpool3x3,conv3x3-bn-relu,conv1x1-bn-relu,output,"{'code': '1-01-001-0100-00001-100100', 'operations': ['input', 'conv3x3-bn-relu', 'conv1x1-bn-relu', 'maxpool3x3', 'conv3x3-bn-relu', 'conv1x1-bn-relu', 'output']}"
286,0.9379006624221802,0,1,0,0,0,1,0,0,0,1,0,0,1,0,0,1,1,0,1,0,0,input,conv3x3-bn-relu,conv3x3-bn-relu,conv3x3-bn-relu,conv3x3-bn-relu,conv3x3-bn-relu,output,"{'code': '0-10-001-0001-00100-110100', 'operations': ['input', 'conv3x3-bn-relu', 'conv3x3-bn-relu', 'conv3x3-bn-relu', 'conv3x3-bn-relu', 'conv3x3-bn-relu', 'output']}"
287,0.8939303159713745,0,1,0,0,0,1,0,0,1,0,1,0,1,0,0,0,0,1,0,0,0,input,conv1x1-bn-relu,maxpool3x3,conv3x3-bn-relu,conv3x3-bn-relu,conv1x1-bn-relu,output,"{'code': '0-10-001-0010-10100-001000', 'operations': ['input', 'conv1x1-bn-relu', 'maxpool3x3', 'conv3x3-bn-relu', 'conv3x3-bn-relu', 'conv1x1-bn-relu', 'output']}"
288,0.8358373641967773,1,1,0,0,1,0,0,1,0,0,1,0,0,0,0,1,0,0,0,0,0,input,conv3x3-bn-relu,conv3x3-bn-relu,conv1x1-bn-relu,maxpool3x3,conv3x3-bn-relu,output,"{'code': '1-10-010-0100-10000-100000', 'operations': ['input', 'conv3x3-bn-relu', 'conv3x3-bn-relu', 'conv1x1-bn-relu', 'maxpool3x3', 'conv3x3-bn-relu', 'output']}"
289,0.9417067170143127,0,1,0,0,0,1,1,0,1,0,0,0,0,1,0,1,0,0,1,0,0,input,conv3x3-bn-relu,conv3x3-bn-relu,conv1x1-bn-relu,maxpool3x3,conv3x3-bn-relu,output,"{'code': '0-10-001-1010-00010-100100', 'operations': ['input', 'conv3x3-bn-relu', 'conv3x3-bn-relu', 'conv1x1-bn-relu', 'maxpool3x3', 'conv3x3-bn-relu', 'output']}"
290,0.9436097741127014,0,1,0,0,0,1,0,1,1,0,0,0,1,0,0,1,0,0,1,0,0,input,conv1x1-bn-relu,conv3x3-bn-relu,conv1x1-bn-relu,maxpool3x3,conv1x1-bn-relu,output,"{'code': '0-10-001-0110-00100-100100', 'operations': ['input', 'conv1x1-bn-relu', 'conv3x3-bn-relu', 'conv1x1-bn-relu', 'maxpool3x3', 'conv1x1-bn-relu', 'output']}"
291,0.9410055875778198,0,1,0,1,0,0,0,0,0,1,0,0,0,0,1,1,0,0,1,0,0,input,conv3x3-bn-relu,conv3x3-bn-relu,conv3x3-bn-relu,maxpool3x3,conv1x1-bn-relu,output,"{'code': '0-10-100-0001-00001-100100', 'operations': ['input', 'conv3x3-bn-relu', 'conv3x3-bn-relu', 'conv3x3-bn-relu', 'maxpool3x3', 'conv1x1-bn-relu', 'output']}"
292,0.9347956776618958,0,1,0,1,0,1,1,1,0,0,0,0,1,0,0,0,0,1,0,0,0,input,conv3x3-bn-relu,conv3x3-bn-relu,conv1x1-bn-relu,maxpool3x3,conv1x1-bn-relu,output,"{'code': '0-10-101-1100-00100-001000', 'operations': ['input', 'conv3x3-bn-relu', 'conv3x3-bn-relu', 'conv1x1-bn-relu', 'maxpool3x3', 'conv1x1-bn-relu', 'output']}"
293,0.9390023946762085,0,1,0,1,1,0,0,0,0,1,0,0,0,0,1,0,1,1,0,0,0,input,conv1x1-bn-relu,conv3x3-bn-relu,maxpool3x3,conv3x3-bn-relu,conv1x1-bn-relu,output,"{'code': '0-10-110-0001-00001-011000', 'operations': ['input', 'conv1x1-bn-relu', 'conv3x3-bn-relu', 'maxpool3x3', 'conv3x3-bn-relu', 'conv1x1-bn-relu', 'output']}"
294,0.9134615659713745,0,1,0,0,0,1,1,0,1,0,0,0,0,1,0,1,0,0,0,1,0,input,conv3x3-bn-relu,conv3x3-bn-relu,conv1x1-bn-relu,maxpool3x3,conv3x3-bn-relu,output,"{'code': '0-10-001-1010-00010-100010', 'operations': ['input', 'conv3x3-bn-relu', 'conv3x3-bn-relu', 'conv1x1-bn-relu', 'maxpool3x3', 'conv3x3-bn-relu', 'output']}"
295,0.9410055875778198,0,1,0,1,0,0,1,0,0,0,0,1,0,1,0,1,0,1,0,0,0,input,maxpool3x3,conv3x3-bn-relu,conv1x1-bn-relu,conv3x3-bn-relu,conv3x3-bn-relu,output,"{'code': '0-10-100-1000-01010-101000', 'operations': ['input', 'maxpool3x3', 'conv3x3-bn-relu', 'conv1x1-bn-relu', 'conv3x3-bn-relu', 'conv3x3-bn-relu', 'output']}"
296,0.8925280570983887,0,1,0,1,0,0,1,1,0,0,1,0,0,0,0,1,0,0,1,0,0,input,conv1x1-bn-relu,conv3x3-bn-relu,maxpool3x3,maxpool3x3,conv3x3-bn-relu,output,"{'code': '0-10-100-1100-10000-100100', 'operations': ['input', 'conv1x1-bn-relu', 'conv3x3-bn-relu', 'maxpool3x3', 'maxpool3x3', 'conv3x3-bn-relu', 'output']}"
297,0.9392027258872986,1,1,0,0,1,0,0,0,1,0,0,0,0,0,1,0,1,1,0,0,0,input,conv3x3-bn-relu,conv3x3-bn-relu,conv1x1-bn-relu,conv1x1-bn-relu,conv1x1-bn-relu,output,"{'code': '1-10-010-0010-00001-011000', 'operations': ['input', 'conv3x3-bn-relu', 'conv3x3-bn-relu', 'conv1x1-bn-relu', 'conv1x1-bn-relu', 'conv1x1-bn-relu', 'output']}"
298,0.8892227411270142,1,0,1,0,1,0,0,0,0,1,0,0,0,1,0,0,0,0,1,0,0,input,maxpool3x3,conv1x1-bn-relu,conv1x1-bn-relu,conv3x3-bn-relu,conv1x1-bn-relu,output,"{'code': '1-01-010-0001-00010-000100', 'operations': ['input', 'maxpool3x3', 'conv1x1-bn-relu', 'conv1x1-bn-relu', 'conv3x3-bn-relu', 'conv1x1-bn-relu', 'output']}"
299,0.9222756624221802,1,1,0,0,1,0,0,1,0,0,1,0,0,0,0,1,0,0,1,0,0,input,maxpool3x3,maxpool3x3,conv3x3-bn-relu,maxpool3x3,conv1x1-bn-relu,output,"{'code': '1-10-010-0100-10000-100100', 'operations': ['input', 'maxpool3x3', 'maxpool3x3', 'conv3x3-bn-relu', 'maxpool3x3', 'conv1x1-bn-relu', 'output']}"
